choose_a_category,F_1,F_2,F_3,F_4,F_5,F_6,F_7,F_8,F_9,F_10,F_11,F_12,F_13
1,0,0,0,0,0,0,1,0,0,0,0,0,0
1,0,0,0,0,1,0,0,0,0,0,0,0,0
1,0,0,1,0,1,0,1,0,1,0,0,0,0
1,0,0,0,0,0,0,0,0,0,0,0,0,0
1,0,0,1,0,1,0,0,0,0,0,0,0,0
1,0,0,0,0,0,0,0,0,0,0,0,0,0
1,0,1,0,0,0,0,0,0,1,0,0,0,0
1,0,1,1,0,1,0,0,0,0,1,0,0,0
1,0,0,1,0,0,0,0,0,1,0,0,0,0
1,0,1,0,0,0,0,1,0,1,0,0,1,0
1,0,0,1,0,1,1,1,0,1,0,0,0,0
1,0,0,0,0,0,0,0,0,1,1,0,0,0
1,0,0,0,0,0,0,0,0,1,0,0,0,0
1,0,0,0,0,0,0,1,0,0,0,0,0,0
1,0,0,0,0,0,0,0,0,0,0,0,0,0
1,0,0,0,0,1,0,0,0,0,0,0,0,1
1,0,0,0,0,0,0,1,0,0,1,0,0,0
1,0,0,0,0,0,0,1,0,0,0,0,0,0
1,0,1,0,0,1,0,0,0,1,0,0,0,0
1,0,0,0,1,0,0,0,0,1,1,0,0,0
1,0,0,0,0,1,0,0,0,1,1,0,0,0
1,0,0,0,0,1,0,0,0,1,1,0,0,0
1,0,0,1,0,0,0,0,0,0,1,0,0,0
1,0,0,0,0,0,0,0,0,1,1,0,0,0
1,0,0,0,0,0,0,0,0,1,0,0,0,0
1,0,0,0,0,0,0,0,0,1,0,0,0,0
1,0,0,0,0,0,0,0,0,0,1,0,0,0
1,0,0,1,0,1,0,1,0,1,0,0,0,0
1,0,0,0,0,0,0,0,0,1,1,0,0,0
1,0,0,0,0,0,0,0,0,1,1,0,0,0
1,0,0,0,0,0,0,0,0,0,0,0,0,0
1,0,1,0,0,0,0,1,0,0,0,0,1,0
1,0,0,0,0,0,0,0,0,0,1,0,0,0
1,0,0,0,0,1,1,1,0,0,0,0,0,1
1,0,0,0,0,1,0,0,0,0,0,0,0,1
1,0,0,1,0,0,0,1,0,0,0,0,0,0
1,0,0,1,0,0,0,0,0,1,1,0,0,0
1,0,0,0,0,1,0,0,0,1,1,0,0,0
1,0,0,0,0,1,1,0,0,1,0,0,0,0
1,0,1,1,0,1,0,0,0,1,0,0,0,0
1,0,0,0,0,1,1,1,0,0,0,0,0,1
1,0,0,0,0,0,0,0,0,0,0,0,0,0
1,0,0,0,0,1,0,0,0,1,0,0,0,1
1,0,1,0,0,1,0,0,0,1,0,0,0,1
1,1,1,1,0,1,0,0,0,1,0,0,1,0
1,0,0,0,0,1,1,0,0,0,0,0,0,0
1,0,0,0,0,1,0,0,0,0,0,0,0,0
1,1,0,1,0,0,0,1,0,0,0,0,0,0
1,0,0,0,0,0,0,0,0,0,0,0,0,0
1,0,0,0,0,0,0,0,0,0,1,0,0,0
1,0,0,0,0,0,0,0,0,0,0,0,0,0
1,0,1,0,0,0,0,0,0,0,0,0,0,0
1,0,0,0,0,1,0,1,0,0,1,0,0,0
1,0,0,0,0,0,0,0,0,1,0,0,0,0
1,0,0,0,0,0,0,0,0,0,0,0,0,0
1,0,0,0,0,0,0,1,0,0,1,0,1,0
1,0,0,0,0,0,0,0,0,1,0,0,0,0
1,0,1,0,0,0,0,0,0,0,0,0,1,0
1,0,0,1,0,0,0,0,0,0,0,0,0,0
1,0,0,0,1,0,0,0,0,0,0,0,0,0
1,0,0,0,0,1,0,0,0,0,0,0,0,1
1,1,0,1,0,0,0,0,0,0,1,0,0,0
1,0,0,0,0,0,0,0,0,1,0,0,0,0
1,0,1,0,0,0,0,0,0,0,0,0,0,0
1,0,0,0,0,0,0,0,0,1,0,0,0,0
1,1,0,0,0,1,0,0,0,0,0,0,0,0
1,0,0,0,0,0,0,0,0,0,0,0,0,0
1,0,0,1,0,1,0,1,0,0,0,0,0,0
1,0,1,1,0,0,0,0,0,1,0,0,0,0
1,0,0,0,0,0,0,0,0,1,0,0,0,0
1,0,1,1,0,1,0,1,0,1,1,0,0,0
1,0,0,0,0,0,0,0,0,0,0,0,0,0
1,0,1,1,0,1,1,0,0,0,0,0,1,0
1,0,0,1,1,0,0,0,0,0,0,0,0,0
1,0,0,1,1,1,0,0,0,1,0,0,0,1
1,0,1,0,0,1,1,1,0,0,0,0,1,0
1,0,0,0,0,0,0,0,0,0,0,0,0,0
1,0,0,0,0,1,0,1,0,1,1,0,0,0
1,0,0,0,0,1,0,1,0,0,0,0,0,0
1,0,0,0,0,0,0,0,0,0,0,0,0,0
1,0,0,0,0,0,0,1,0,0,0,0,0,0
1,0,0,0,0,0,0,0,0,1,0,0,0,0
1,0,0,0,0,0,0,0,0,0,1,0,0,0
1,0,0,0,1,1,0,0,0,0,0,0,0,0
1,0,1,0,0,1,0,1,0,0,1,0,0,1
1,0,0,0,0,0,0,0,0,0,1,0,0,0
1,0,0,0,0,1,0,0,0,0,0,0,0,0
1,0,0,1,1,0,0,0,0,0,0,0,0,0
1,0,0,0,0,0,0,0,0,0,1,0,0,0
1,0,1,0,0,1,0,0,0,1,0,0,0,0
1,0,0,1,0,1,1,0,1,0,0,0,0,0
1,0,1,0,0,1,1,1,0,1,0,0,0,0
1,1,0,1,0,0,0,1,0,1,1,0,0,0
1,0,0,0,0,0,0,0,0,0,0,0,0,0
1,0,0,0,0,0,0,1,0,0,0,0,0,0
1,0,0,1,0,0,0,0,0,1,0,0,0,0
1,0,0,0,0,1,0,1,0,0,0,0,0,0
1,0,0,0,0,1,0,1,0,1,0,0,0,1
1,0,0,0,0,0,0,1,0,0,1,0,0,0
1,0,1,0,0,1,0,0,0,0,1,0,0,0
1,0,0,0,0,1,0,0,0,0,1,0,0,0
1,0,0,1,0,0,0,0,0,1,1,0,0,0
1,0,0,0,0,1,0,0,0,0,1,0,0,0
1,0,0,0,0,0,0,0,0,0,0,0,0,0
1,0,0,1,0,1,0,0,1,0,0,0,0,0
1,0,0,0,0,0,0,0,0,1,0,0,0,0
1,0,0,0,0,1,0,0,0,0,1,0,0,0
1,0,0,0,0,0,0,1,0,0,0,0,0,0
1,0,0,1,1,0,1,0,0,1,0,0,1,1
1,0,0,0,0,0,0,0,0,0,0,0,0,0
1,0,0,0,0,1,0,0,0,1,0,0,0,0
1,0,0,0,0,0,0,1,0,1,0,0,1,0
1,0,0,1,0,0,0,0,0,1,1,0,0,0
1,0,0,1,0,0,0,0,0,0,0,0,0,0
1,0,0,0,0,0,0,0,0,1,1,0,0,0
1,0,0,1,1,0,0,0,0,1,1,0,0,0
1,0,0,1,0,0,0,0,0,1,0,0,0,0
1,0,1,0,0,1,0,0,0,0,0,0,1,0
1,0,1,0,0,1,0,0,0,1,0,0,1,0
1,0,1,0,0,0,0,0,0,1,1,0,1,0
1,0,0,1,1,0,0,0,0,0,0,0,0,0
1,0,0,0,0,0,0,0,0,0,0,0,0,0
1,0,0,0,0,0,0,0,0,0,0,0,0,0
1,0,0,0,0,0,0,0,0,0,1,0,0,0
1,0,0,0,0,0,0,0,0,1,0,0,0,0
1,0,1,0,0,0,0,0,0,0,0,0,1,0
1,0,0,0,0,0,0,0,0,0,0,0,0,0
1,0,0,0,0,0,0,0,0,1,0,0,0,0
1,0,0,0,0,0,0,0,0,0,0,0,0,0
1,1,1,1,0,1,0,0,0,1,1,0,1,0
1,0,0,0,0,0,0,0,0,1,1,0,0,0
1,0,0,0,0,0,0,0,0,1,1,0,0,0
1,0,0,0,0,0,0,0,0,0,0,0,0,0
1,0,0,0,0,0,0,0,0,0,1,0,0,0
1,1,0,0,0,0,1,0,1,1,0,0,0,0
1,0,0,1,0,1,0,1,0,0,0,0,0,0
1,0,0,0,0,0,0,0,0,0,1,0,0,0
1,0,0,0,0,1,0,0,0,1,0,0,0,0
1,0,1,0,0,0,0,0,0,0,0,0,0,0
1,0,0,1,0,1,0,1,0,1,0,0,0,0
1,0,0,0,0,0,0,0,0,0,0,0,0,0
1,0,1,0,0,0,0,1,0,0,0,0,0,0
1,0,0,0,0,1,0,0,0,1,0,0,0,1
1,0,0,0,0,0,0,0,0,1,0,0,0,0
1,0,0,0,0,0,0,0,0,1,0,0,0,0
1,0,1,1,0,0,0,1,0,0,0,0,0,0
1,0,0,1,0,0,0,0,0,1,0,0,0,0
1,0,0,1,0,1,0,0,0,0,1,0,0,0
1,0,0,0,0,0,0,0,0,0,0,0,0,0
1,0,0,0,0,0,0,0,0,0,0,0,0,0
1,0,0,1,0,0,0,1,0,1,0,0,0,0
1,0,0,1,0,0,0,0,0,0,0,0,0,0
1,0,0,0,0,0,0,0,0,0,1,0,0,0
1,0,0,0,0,1,1,0,0,0,0,0,0,0
1,0,0,0,0,1,0,0,0,1,0,0,0,0
1,0,1,0,0,0,0,0,0,1,0,0,1,0
1,0,1,0,0,1,0,0,0,1,1,0,1,0
1,0,0,0,0,0,0,0,0,1,0,0,0,0
1,0,1,1,1,0,0,0,0,0,0,0,0,0
1,0,0,0,0,1,0,0,0,1,0,0,0,0
1,0,0,1,0,0,0,0,0,1,0,0,0,0
1,0,0,1,1,0,0,0,0,0,0,0,0,0
1,0,0,1,0,1,0,0,0,1,0,0,0,0
1,0,1,1,0,0,0,1,0,1,1,0,1,0
1,0,0,0,0,0,0,0,0,1,0,0,0,0
1,0,0,0,0,0,0,0,0,0,1,0,0,0
1,0,0,0,0,1,0,1,0,0,0,0,0,0
1,0,1,0,0,0,1,0,0,1,1,0,0,0
1,0,0,1,0,0,0,1,0,0,0,0,0,0
1,0,0,0,0,0,1,0,0,1,1,0,0,0
1,0,0,0,0,0,0,1,0,0,1,0,0,0
1,0,0,0,1,0,0,0,0,1,1,0,0,0
1,0,0,0,0,1,0,0,0,0,0,0,0,0
1,0,0,1,0,0,0,1,0,1,0,0,0,0
1,0,1,0,0,0,0,1,0,0,0,0,0,0
1,0,0,0,0,1,0,0,0,1,0,0,0,0
1,1,0,1,0,1,0,1,0,1,0,0,1,0
1,0,1,0,0,0,0,0,0,0,0,0,1,0
1,0,0,1,1,1,0,0,0,1,0,0,0,1
1,1,0,1,0,0,0,0,0,0,0,0,0,0
1,0,0,0,0,0,0,0,0,0,1,0,0,0
1,0,0,0,0,0,0,0,0,0,0,0,0,0
1,0,0,0,0,0,0,0,0,0,0,0,0,0
1,1,0,0,0,0,0,1,0,0,0,0,0,0
1,0,1,0,0,0,0,0,0,1,0,0,0,0
1,0,0,1,0,0,0,1,0,0,1,0,0,0
1,0,0,0,0,0,0,0,0,0,0,0,0,0
1,0,0,1,0,0,0,0,0,0,0,0,0,0
1,0,0,0,0,0,1,0,0,1,0,0,0,0
1,0,1,1,0,0,0,0,0,1,0,0,0,0
1,0,0,0,0,0,1,0,0,0,0,0,0,0
1,0,0,1,1,1,0,0,0,0,0,0,0,1
1,0,0,0,0,0,0,0,0,1,1,0,0,0
1,1,0,1,0,0,0,0,0,0,1,0,0,0
1,0,0,0,0,0,0,0,0,1,0,0,0,0
1,0,1,0,0,0,0,0,0,1,0,0,1,0
1,0,0,0,0,0,1,1,0,1,0,0,0,0
1,0,0,0,0,1,0,0,0,0,0,0,1,0
1,0,0,0,0,1,0,0,0,1,1,0,0,0
1,0,0,0,0,1,0,0,0,0,0,0,0,0
1,0,0,0,0,0,0,0,0,0,0,0,0,0
1,0,0,1,0,0,0,0,0,0,1,0,0,0
1,0,0,0,0,0,0,0,0,0,0,0,0,0
1,0,1,0,0,1,0,0,0,1,0,0,1,0
1,0,0,0,0,0,0,0,0,0,0,0,0,0
1,0,0,0,0,1,0,0,0,0,0,0,0,0
1,0,0,0,0,0,0,0,0,1,0,0,0,0
1,0,1,0,0,0,0,0,0,1,0,0,0,0
1,0,0,0,0,0,1,0,0,0,0,0,0,0
1,0,0,0,0,0,0,0,0,0,0,0,0,0
1,0,0,0,0,1,0,0,1,1,0,0,0,0
1,0,0,0,0,0,0,0,0,1,1,0,0,0
1,0,0,0,0,0,0,0,0,0,0,0,0,0
1,0,0,0,1,1,0,0,0,0,1,0,0,0
1,0,0,1,0,0,0,0,0,0,0,0,0,0
1,0,0,0,0,0,0,0,0,0,0,0,1,0
1,0,0,0,1,0,0,1,0,1,1,0,1,0
1,0,0,0,1,1,0,1,0,1,0,0,0,0
1,1,1,1,1,0,0,0,0,0,1,0,0,0
1,0,0,0,0,0,1,1,0,0,1,0,0,0
1,0,0,0,0,1,0,0,0,0,0,0,0,0
1,0,0,0,0,0,0,1,0,1,0,0,0,0
1,0,0,0,0,0,0,0,0,0,0,0,0,0
1,0,0,0,0,0,0,0,0,0,0,0,0,0
1,0,1,0,0,0,0,0,0,1,1,0,1,0
1,0,1,0,0,0,0,0,0,1,0,0,0,0
1,0,0,0,0,0,1,0,0,0,1,0,0,0
1,0,0,0,0,0,0,1,0,1,0,0,0,0
1,0,0,0,0,1,0,0,0,0,1,0,0,0
1,0,0,0,0,0,0,1,0,0,0,0,0,0
1,0,1,1,0,1,0,0,0,1,0,0,0,1
1,0,0,0,0,0,0,0,0,0,0,0,0,0
1,0,0,0,0,1,0,0,0,0,0,0,0,0
1,0,0,0,0,0,0,0,0,0,1,0,0,0
1,0,0,0,1,0,0,0,0,1,0,0,0,0
1,0,0,0,0,1,0,0,0,0,0,0,0,0
1,0,1,0,0,0,0,1,0,0,0,0,1,0
1,0,0,0,0,1,0,0,0,0,1,0,0,0
1,0,1,1,0,0,0,0,0,1,1,0,0,0
1,0,0,0,0,0,0,0,0,0,0,0,0,0
1,0,0,0,0,1,0,0,0,1,1,0,0,0
1,0,1,0,0,1,0,1,0,1,0,0,1,0
1,0,1,0,0,0,0,0,0,0,0,0,0,0
1,1,0,0,1,1,1,0,0,1,0,0,0,0
1,0,0,1,0,0,0,0,1,0,1,0,0,0
1,1,1,1,1,0,0,0,0,0,1,0,0,0
1,0,0,1,0,1,0,0,0,1,0,0,0,1
1,0,0,1,1,0,0,1,0,0,1,0,0,0
1,0,0,0,0,1,1,1,0,1,0,0,0,0
1,0,0,0,0,0,0,0,0,0,1,0,0,0
1,0,0,0,0,0,0,0,0,0,0,0,0,0
1,0,1,0,0,0,0,0,0,1,0,0,0,0
1,0,0,0,0,0,0,0,0,1,0,0,0,0
1,0,0,0,0,1,0,0,0,0,0,0,0,0
1,0,0,0,0,0,0,1,0,0,0,0,0,0
1,0,0,0,0,0,0,0,0,1,0,0,0,0
1,0,0,0,0,1,0,1,0,0,0,0,0,0
1,0,0,0,0,0,0,0,0,0,0,0,0,0
1,0,0,0,0,0,0,0,0,0,0,0,0,0
1,0,0,0,0,0,0,0,0,1,0,0,0,0
1,0,0,0,0,1,0,0,0,0,0,0,0,0
1,0,1,0,0,1,1,0,0,1,1,0,1,0
1,0,0,0,0,0,0,0,0,1,0,0,0,0
1,0,0,0,0,1,0,0,0,0,0,0,0,0
1,0,0,0,1,1,0,0,0,1,1,0,0,0
1,0,0,1,0,0,0,0,0,1,1,0,0,0
1,1,0,1,0,0,0,0,0,0,1,0,0,0
1,0,0,0,0,1,0,0,0,1,0,0,0,0
1,0,0,0,0,0,0,0,0,0,1,0,0,0
1,0,1,0,0,0,0,0,0,1,0,0,0,0
1,0,0,0,0,0,0,0,0,0,0,0,0,0
1,0,1,0,1,1,1,0,0,1,0,0,0,0
1,0,0,0,0,0,0,0,0,0,1,0,0,0
1,0,0,0,0,0,0,0,0,0,0,0,0,0
1,0,0,0,0,0,0,1,1,0,0,0,0,0
1,0,1,0,0,1,0,0,0,0,0,0,0,0
1,0,0,0,0,1,0,0,0,0,0,0,0,0
1,0,1,0,0,0,1,0,1,1,1,0,1,0
1,0,0,0,0,1,1,0,0,0,0,0,0,0
1,0,0,0,0,0,0,1,1,0,1,0,0,0
1,0,0,0,0,0,0,0,0,0,0,0,0,0
1,0,0,0,0,1,0,0,0,1,0,0,0,0
1,0,0,0,0,0,0,0,0,0,0,0,0,0
1,0,0,1,0,0,0,1,0,0,0,0,0,1
1,0,0,0,0,1,1,0,0,1,0,0,0,1
1,1,0,0,0,0,0,0,0,0,1,0,0,1
1,0,0,0,0,1,0,1,0,0,1,0,0,0
1,0,0,1,0,0,0,0,0,0,1,0,0,0
1,0,0,0,0,0,0,0,0,0,0,0,0,0
1,0,0,0,1,0,0,0,0,0,0,0,0,0
1,0,0,0,0,0,0,0,0,0,0,0,0,0
1,0,1,0,0,0,0,0,0,1,0,0,1,0
1,0,0,0,0,0,0,1,0,0,0,0,0,0
1,0,0,0,0,0,0,0,0,0,0,0,0,0
1,0,0,0,0,0,0,0,0,0,0,0,0,0
1,0,0,0,0,0,0,1,0,0,0,0,0,0
1,1,0,1,0,1,0,0,0,1,1,0,0,0
1,1,0,0,0,1,0,0,0,0,1,0,0,0
1,0,0,0,0,1,1,0,0,0,1,0,0,1
1,0,0,0,0,0,0,0,0,0,0,0,0,0
1,1,0,0,0,0,0,1,0,0,0,0,0,0
1,0,0,0,0,0,1,0,0,0,1,0,0,0
1,0,0,0,0,1,0,0,0,0,0,0,0,0
1,1,1,1,1,1,0,0,0,1,1,0,1,0
1,0,0,0,0,1,0,0,0,0,0,0,0,0
1,0,0,0,0,1,0,0,0,1,1,0,0,0
1,0,1,0,0,1,0,0,0,1,0,0,1,0
1,0,0,1,0,1,0,1,0,0,0,0,0,0
1,0,0,0,0,0,0,1,0,1,0,0,0,1
1,0,0,0,0,0,0,0,0,0,0,0,0,0
1,0,0,0,0,1,0,0,0,0,0,0,0,0
1,1,0,1,0,0,0,0,0,1,1,0,0,0
1,1,0,1,0,0,0,0,0,0,0,0,0,0
1,0,0,0,0,0,0,0,0,1,0,0,0,0
1,0,1,0,0,0,1,0,0,1,0,0,1,0
1,0,1,0,0,1,0,0,0,1,0,0,1,0
1,0,0,1,1,1,0,0,0,0,0,0,0,0
1,0,0,1,0,0,0,0,0,0,1,0,0,0
1,0,0,1,0,1,0,0,0,0,0,0,0,0
1,0,0,0,0,0,0,0,0,0,1,0,0,0
1,0,0,1,0,1,0,0,0,1,1,0,0,0
3,0,0,0,0,0,0,1,0,0,0,0,0,1
3,0,0,0,0,0,0,0,0,1,0,0,0,0
3,0,0,0,0,0,0,0,0,1,0,0,0,0
3,0,0,0,0,1,0,0,0,0,0,0,0,0
3,0,0,0,0,0,0,1,0,0,0,1,0,0
3,0,0,0,0,0,0,1,0,0,0,0,0,0
3,0,0,1,0,0,0,0,0,0,0,0,0,0
3,0,0,0,0,0,0,0,0,0,0,0,0,0
3,0,0,0,0,0,0,0,0,0,0,0,0,0
3,0,0,0,1,0,0,0,0,0,0,0,0,0
3,0,0,0,0,0,0,1,0,0,0,0,0,0
3,0,1,0,0,0,0,0,1,0,0,0,0,0
3,0,1,0,0,0,0,0,0,0,0,0,0,0
3,0,0,0,0,0,0,0,0,0,0,0,0,0
3,0,0,0,0,0,0,0,0,0,0,0,0,0
3,0,0,0,0,0,0,0,0,0,0,0,0,0
3,0,0,0,0,0,0,0,0,0,0,0,0,0
3,0,0,0,0,0,0,1,0,1,0,0,0,0
3,0,0,0,0,0,0,0,0,0,0,0,0,0
3,0,0,0,0,0,0,0,0,0,0,0,0,0
3,0,0,0,0,0,0,0,0,1,0,0,0,0
3,0,0,1,0,1,0,0,0,1,0,0,0,0
3,0,0,0,0,0,0,0,0,0,0,0,0,0
3,0,1,0,0,0,0,0,0,0,1,0,1,1
3,0,0,0,0,0,0,0,0,0,0,0,0,0
3,0,0,0,0,1,0,0,0,1,0,0,0,0
3,0,1,0,0,1,0,1,0,1,1,0,0,0
3,0,0,0,0,0,0,1,0,1,0,0,0,0
3,0,1,0,0,0,0,0,0,1,0,0,1,0
3,0,0,0,0,0,0,0,0,0,0,0,0,0
3,0,0,0,0,0,0,0,0,0,1,0,0,0
3,0,0,0,0,0,0,0,0,0,0,0,0,0
3,0,0,0,0,0,0,1,0,0,0,0,0,0
3,0,0,0,0,0,0,1,0,1,0,0,0,0
3,0,0,0,0,0,0,0,0,0,0,0,0,0
3,0,0,0,0,0,0,1,0,0,0,0,0,0
3,0,0,1,0,0,0,1,0,0,0,0,0,0
3,0,0,0,0,1,0,0,0,0,0,0,0,0
3,0,0,0,0,0,0,0,0,0,0,0,0,0
3,0,0,0,0,0,0,0,0,1,0,0,0,0
3,0,0,0,0,0,0,1,0,0,0,0,0,0
3,0,0,1,0,0,0,0,0,0,0,0,0,0
3,0,0,0,0,1,0,0,0,0,0,0,0,0
3,0,0,0,1,1,0,0,0,0,0,0,0,0
3,0,1,0,0,1,0,1,0,0,1,0,1,0
3,0,0,0,0,0,0,0,0,0,1,0,0,0
3,0,0,0,0,0,0,0,0,0,0,0,0,0
3,0,0,0,0,0,0,0,0,0,0,0,0,0
3,0,0,0,0,0,0,0,0,0,0,0,0,0
3,0,0,0,0,0,0,0,0,0,0,0,0,0
3,0,0,0,0,0,0,0,0,0,0,0,0,0
3,0,1,0,0,0,0,0,0,1,0,0,0,0
3,0,0,0,0,0,0,0,0,0,0,0,0,0
3,0,0,0,0,0,0,0,0,0,0,0,0,0
3,1,0,0,0,0,0,0,0,0,0,0,0,0
3,0,0,1,0,0,0,0,0,0,0,0,0,0
3,0,0,0,0,0,0,0,0,0,0,0,0,0
3,0,0,0,0,0,0,0,0,1,0,0,0,0
3,0,1,0,0,0,0,0,0,1,0,0,0,0
3,0,0,0,0,0,0,0,0,0,0,0,0,0
3,0,0,0,0,0,0,1,0,0,0,0,0,0
3,0,0,0,0,0,0,0,0,0,1,0,0,0
3,0,1,0,0,1,0,0,0,0,1,0,0,0
3,0,0,0,0,0,1,0,0,1,0,0,0,1
3,0,0,1,1,0,0,0,0,0,0,0,0,0
3,1,0,0,0,0,0,0,1,0,0,0,0,0
3,0,1,0,0,0,0,0,0,1,1,0,1,1
3,0,0,0,0,0,0,0,0,0,0,0,0,0
3,0,0,0,0,0,0,0,0,0,1,0,0,0
3,0,0,0,0,0,0,1,0,0,1,0,0,0
3,0,0,0,0,0,0,1,0,0,0,0,0,0
3,0,0,1,1,0,0,0,0,0,0,0,0,0
3,0,0,0,0,0,0,1,0,0,0,0,0,0
3,0,0,0,0,0,0,0,0,0,0,0,0,0
3,0,1,1,0,1,0,0,0,0,0,0,1,0
3,0,0,0,0,0,0,1,0,0,1,0,0,0
3,0,0,0,0,0,0,0,0,0,0,0,0,0
3,0,0,0,0,0,0,0,0,0,0,0,0,0
3,0,0,0,0,0,0,0,0,0,0,0,0,0
3,0,0,0,0,0,0,0,0,0,0,0,0,0
3,0,0,0,0,0,0,0,0,0,0,0,0,0
3,0,0,0,1,0,0,0,0,0,0,0,0,0
3,0,0,0,0,1,0,0,0,0,1,0,0,0
3,0,0,0,0,0,0,1,0,0,0,0,0,0
3,0,0,0,0,0,0,0,0,0,0,0,0,0
3,0,0,0,0,0,0,0,0,0,0,0,0,0
3,0,0,0,0,0,0,1,0,0,0,0,0,0
3,1,0,1,0,0,0,1,0,0,1,0,0,0
3,0,0,0,0,0,0,0,0,1,0,0,0,0
3,0,0,1,0,0,0,1,0,0,0,0,0,0
3,0,0,0,0,0,0,1,0,0,0,0,0,0
3,1,0,1,0,0,0,0,0,1,0,0,0,0
3,0,0,0,0,0,0,0,0,1,0,0,0,0
3,0,0,0,0,0,0,0,0,0,0,0,0,0
3,0,0,0,0,0,0,1,0,0,0,0,0,0
3,0,0,1,0,0,0,0,0,0,0,0,0,0
3,1,0,0,0,0,0,0,0,0,0,0,0,0
3,0,0,0,0,0,0,0,0,0,0,0,0,0
3,0,0,0,0,0,0,1,0,0,0,0,0,0
3,0,1,0,0,1,0,0,0,1,0,0,0,0
3,0,0,0,0,1,0,0,0,1,0,0,0,0
3,0,0,0,0,0,0,0,0,0,0,0,0,0
3,0,0,0,0,0,0,1,0,0,0,0,0,0
3,0,0,0,0,0,0,0,1,0,0,0,0,0
3,0,0,0,0,0,0,0,1,0,0,0,0,0
3,0,0,0,0,0,0,1,0,0,0,0,0,0
3,0,0,0,0,0,0,0,0,0,0,0,0,0
3,0,0,0,0,0,0,0,0,0,0,0,0,0
3,0,0,0,0,0,0,0,0,0,1,0,0,0
3,0,1,0,0,0,0,0,0,0,0,0,0,0
3,0,0,0,0,0,0,1,0,0,0,0,0,0
3,0,0,0,1,0,0,0,0,0,0,0,0,0
3,0,0,0,0,0,0,0,0,0,0,0,0,0
3,0,1,0,0,0,0,0,0,0,0,0,0,0
3,0,0,0,0,0,0,0,0,0,0,0,0,0
3,0,0,0,0,0,0,1,0,0,1,0,0,0
3,0,1,0,0,0,0,0,0,1,1,0,0,0
3,1,1,0,0,0,0,1,0,1,0,0,0,1
3,0,0,0,0,0,0,0,0,0,0,0,0,0
3,0,0,0,0,0,0,0,0,1,0,0,0,0
3,0,0,0,0,0,0,0,0,0,0,0,0,0
3,0,0,0,0,0,0,0,0,1,0,0,0,0
3,0,0,0,0,0,0,1,0,0,0,0,0,0
3,0,0,0,0,0,0,1,0,0,1,0,0,0
3,0,0,0,0,0,0,0,0,0,0,0,0,1
3,1,0,1,1,0,0,1,0,0,0,0,0,1
3,0,0,0,0,0,0,0,0,0,0,0,0,0
3,0,0,1,1,1,0,0,0,1,1,0,0,1
3,0,0,0,0,0,0,1,0,1,0,0,0,0
3,0,0,0,0,0,0,1,0,0,0,0,0,0
3,0,0,0,0,0,0,1,0,1,0,0,0,0
3,0,0,0,0,1,0,1,0,0,0,0,0,0
3,0,0,1,0,0,0,1,0,0,0,0,0,0
3,0,0,0,0,0,0,0,0,0,0,0,0,0
3,0,0,0,0,0,0,0,0,0,0,0,0,0
3,0,0,0,0,0,0,1,0,0,0,0,0,0
3,0,0,0,0,0,0,0,0,0,1,0,0,0
3,0,0,0,0,0,0,0,0,0,1,0,0,0
3,0,1,0,0,0,0,0,0,1,1,0,0,0
3,0,0,0,0,0,0,0,0,0,0,0,0,0
3,0,0,1,0,0,0,0,0,1,0,0,0,0
3,0,0,0,0,0,0,0,0,0,0,0,0,0
3,0,0,0,0,1,0,1,0,1,0,0,0,0
3,0,0,0,0,0,0,0,0,0,0,0,0,1
3,0,0,0,0,0,0,0,0,0,0,0,0,0
3,0,0,0,0,0,0,0,0,0,0,0,0,0
3,0,0,0,0,0,0,1,0,0,0,0,0,0
3,0,0,0,0,0,0,0,0,1,1,0,0,0
3,0,0,0,0,0,0,0,0,0,0,0,0,0
3,0,1,0,0,1,0,0,0,0,1,0,0,0
3,0,1,0,0,0,0,1,0,0,0,0,0,0
3,0,0,0,0,0,0,0,0,0,0,0,0,0
3,0,0,0,0,0,1,0,0,0,0,0,0,0
3,0,0,0,1,0,0,0,0,0,0,0,0,0
3,0,0,0,0,0,0,0,0,0,0,0,0,0
3,0,1,0,0,1,0,0,0,0,0,0,0,0
3,0,0,0,0,0,0,1,0,0,0,0,0,0
3,0,0,0,0,0,0,1,0,0,0,0,0,0
3,0,0,0,0,0,0,0,0,0,0,0,0,0
3,0,0,0,0,1,0,1,0,1,0,0,0,0
3,0,0,1,1,0,0,0,0,1,0,0,0,0
3,0,0,0,0,0,0,0,0,0,0,0,0,0
3,0,1,1,0,1,0,1,0,0,0,0,1,0
3,0,0,0,0,0,0,0,0,0,0,0,0,0
3,0,0,0,0,0,0,0,0,0,0,0,0,0
3,0,0,0,0,0,0,1,0,0,0,0,0,0
3,0,1,0,0,0,0,0,0,0,1,0,0,0
3,0,0,1,0,0,0,1,0,0,0,0,0,0
3,0,0,0,0,0,1,0,0,0,0,0,0,0
3,0,0,0,0,0,0,0,0,0,0,0,0,0
3,1,0,0,0,0,0,0,0,0,0,0,0,0
3,0,0,0,0,0,0,0,0,0,0,0,0,0
3,0,0,0,0,0,0,0,0,0,0,0,0,0
3,0,0,0,0,0,0,0,0,0,0,0,0,0
3,0,0,0,0,0,0,0,0,0,0,0,0,0
3,0,0,0,0,0,0,0,0,0,1,0,0,0
3,0,0,0,0,0,0,1,0,0,0,0,0,0
3,1,1,0,0,1,0,0,0,1,0,0,0,0
3,0,0,0,0,0,0,1,0,1,0,0,0,0
3,0,0,0,0,0,0,0,0,0,0,0,0,0
3,0,0,0,0,0,0,0,0,0,0,0,0,0
3,0,0,0,0,1,0,0,0,1,1,0,0,0
3,0,0,0,0,0,0,1,0,0,0,0,0,0
3,0,0,1,0,0,0,1,0,0,1,0,0,0
3,0,1,0,0,0,0,0,0,0,0,0,0,0
3,0,0,0,0,0,0,0,0,1,0,0,0,0
3,0,0,0,0,0,0,0,0,0,0,0,0,0
3,0,0,0,0,0,0,0,0,0,0,0,0,0
3,0,0,0,0,0,0,0,0,0,1,0,0,0
3,1,0,0,0,0,0,0,0,1,0,0,0,0
3,0,0,0,0,0,0,1,0,0,0,0,0,0
3,0,0,0,0,0,0,1,0,0,0,0,0,0
3,0,0,0,0,0,0,0,0,0,0,0,0,0
3,0,0,0,0,0,0,1,0,0,1,0,1,0
3,1,0,1,0,0,0,0,0,0,0,0,0,0
3,0,0,0,0,0,0,0,0,0,0,0,0,0
3,0,0,0,0,0,0,0,0,0,0,0,0,0
3,0,0,0,0,0,0,1,0,1,0,0,0,0
3,0,0,0,0,0,0,0,0,0,0,0,0,0
3,0,0,0,0,0,0,1,0,0,0,0,1,0
3,0,0,0,0,1,0,0,0,0,0,0,0,0
3,0,1,0,0,0,0,0,0,1,0,0,0,0
3,0,1,0,0,0,0,0,0,0,0,0,0,0
3,0,0,0,0,0,0,0,0,0,0,0,0,0
3,0,0,0,0,0,0,0,0,0,0,0,0,0
3,0,0,0,0,0,0,0,0,0,0,0,0,0
3,0,0,0,0,0,0,0,0,0,0,0,0,0
3,0,0,0,0,0,0,0,0,0,0,0,0,0
3,0,0,0,0,0,0,1,1,0,0,0,0,0
3,0,0,0,0,0,0,0,0,1,1,0,1,0
3,0,0,0,0,1,0,1,0,0,0,0,0,0
3,0,1,0,0,0,1,0,0,0,0,0,0,0
3,0,1,0,0,0,0,1,0,1,0,0,1,0
3,0,0,0,0,0,0,0,0,0,0,0,0,0
3,0,0,0,0,0,0,0,0,0,0,0,0,0
3,0,0,0,0,0,0,0,0,0,0,0,0,0
3,0,1,0,0,0,0,0,0,0,0,0,0,0
3,0,0,0,1,0,0,0,0,0,0,0,0,0
3,0,0,0,0,0,0,0,0,0,0,0,0,0
3,0,0,0,0,1,0,0,0,0,1,0,0,0
3,0,0,0,0,1,0,0,0,0,0,0,0,0
3,0,0,0,0,0,0,0,0,0,0,0,0,0
3,0,1,0,0,0,0,0,0,1,0,0,1,0
3,0,0,0,0,0,0,0,0,1,0,0,0,0
3,0,0,0,0,0,1,1,0,0,0,0,0,0
3,0,0,0,0,0,0,0,0,0,0,0,0,0
3,0,0,0,0,0,0,0,0,0,0,0,0,1
3,0,0,0,0,0,0,0,0,0,0,0,0,0
3,0,1,0,0,0,0,0,0,1,1,0,0,0
3,0,0,0,0,0,0,0,0,0,0,0,0,0
3,0,0,0,0,0,0,0,0,0,0,0,0,0
3,0,1,0,0,0,0,0,0,1,0,0,0,0
3,1,0,0,0,0,0,0,0,0,0,0,0,0
3,0,0,0,0,1,0,0,0,0,0,0,0,0
3,0,0,0,0,1,0,0,0,1,0,0,0,0
3,0,0,0,0,0,0,0,0,1,0,0,0,0
3,0,1,0,0,0,0,0,0,1,0,0,0,0
3,0,1,0,0,0,0,0,0,1,1,0,1,0
3,0,0,1,1,1,0,0,0,1,0,0,0,0
3,0,0,0,0,0,0,0,0,0,0,0,0,0
3,0,0,0,0,0,0,0,0,0,0,0,0,1
3,0,0,0,0,0,0,0,0,0,0,0,0,0
3,0,0,0,0,0,0,0,0,0,0,0,0,0
3,0,0,0,0,0,0,0,0,0,0,0,0,0
3,0,0,0,0,0,0,0,0,0,0,0,0,0
3,0,1,0,0,1,0,0,0,0,0,0,1,0
3,0,0,0,0,1,0,0,0,0,0,0,0,0
3,0,0,0,0,0,0,0,0,0,0,0,0,0
3,0,0,0,0,0,0,0,1,0,0,0,0,0
3,0,0,0,0,0,0,0,0,0,0,0,0,0
3,0,0,0,0,0,0,0,0,0,0,0,0,0
3,0,0,0,0,0,0,0,0,0,0,0,0,0
3,0,1,0,0,0,0,0,0,0,0,0,0,0
3,0,1,0,1,0,0,0,0,1,1,0,0,0
3,0,0,0,0,0,0,1,0,0,0,0,0,0
3,0,0,0,0,1,0,0,0,1,0,0,0,0
3,0,0,0,0,0,0,0,0,1,0,0,0,0
3,0,0,0,0,0,0,0,0,0,0,0,0,0
3,0,0,0,0,0,0,0,0,0,0,0,0,0
3,0,0,0,0,1,0,0,0,0,1,0,0,0
3,0,0,0,0,0,0,1,0,0,0,0,0,0
3,0,0,0,0,0,0,1,0,0,0,0,0,0
3,0,0,0,0,0,0,1,0,0,0,0,0,0
3,0,0,0,0,0,0,0,0,0,0,0,0,0
3,1,0,1,0,0,0,1,0,0,0,0,0,0
3,0,0,0,0,0,0,1,0,1,1,0,0,0
3,0,0,0,0,0,0,0,0,0,0,0,0,0
3,0,0,0,0,0,0,0,0,0,0,0,0,0
3,0,0,0,0,0,0,0,0,0,0,0,0,1
3,0,0,0,0,0,0,0,0,0,0,0,0,0
3,0,0,0,0,0,0,0,0,0,1,0,0,0
3,0,0,0,0,1,0,0,0,0,0,0,0,0
3,0,0,0,0,0,0,1,0,1,0,0,0,0
3,0,0,0,0,0,0,0,0,0,0,0,0,0
3,0,1,0,0,0,1,0,0,0,0,0,0,0
3,0,0,0,0,0,0,1,0,0,1,0,0,0
3,0,0,0,0,0,0,0,0,0,0,0,0,0
3,0,0,0,0,1,0,0,0,1,1,0,0,0
3,0,0,1,0,1,0,1,0,0,0,0,0,0
3,0,0,0,0,0,0,1,0,0,1,0,0,0
3,0,1,0,0,0,0,0,0,1,1,0,0,0
3,0,0,0,0,0,0,0,0,0,0,0,0,0
3,0,0,0,0,0,0,1,0,0,0,0,0,0
3,0,0,0,0,0,0,0,0,0,0,0,0,0
3,0,0,0,0,0,0,0,0,0,0,0,0,0
3,0,0,0,0,0,0,0,0,0,0,0,0,0
3,0,0,0,0,0,0,0,0,0,0,0,0,0
3,0,0,0,0,0,0,0,0,0,0,0,0,0
3,0,0,0,0,0,0,0,0,0,0,0,0,1
3,0,0,0,0,0,0,1,0,0,0,0,0,0
3,0,0,0,0,0,0,0,0,0,0,0,0,0
3,0,0,0,0,0,0,0,0,0,0,0,0,0
3,0,1,0,0,0,0,0,0,1,0,0,0,0
3,0,1,0,0,0,0,0,0,1,0,0,1,0
3,0,0,0,0,0,0,1,0,0,0,0,0,0
3,0,0,0,0,0,0,0,0,0,0,0,0,0
3,0,0,0,0,0,0,0,0,0,0,0,0,0
3,0,0,0,0,1,0,1,0,0,0,0,0,1
3,0,0,0,0,1,0,0,0,1,0,0,1,0
3,0,0,0,0,0,0,1,0,0,0,0,0,0
3,0,0,0,0,0,0,1,0,1,0,0,0,0
3,0,0,0,0,0,0,0,0,0,0,0,0,0
3,0,0,0,0,0,0,0,0,1,0,0,0,0
3,0,0,0,0,0,0,0,0,0,0,0,0,0
3,0,0,0,0,0,0,1,0,1,0,0,0,0
3,0,0,0,0,0,0,1,0,0,0,1,0,0
3,0,0,0,0,1,1,0,0,0,1,0,0,1
3,0,0,0,0,0,0,0,0,0,0,0,0,0
3,0,0,0,0,0,0,1,0,1,0,0,0,0
3,0,0,0,0,0,0,0,0,0,0,0,0,0
3,0,0,0,0,1,0,0,0,0,0,0,0,0
3,0,0,0,0,0,0,1,0,0,0,0,0,0
3,0,0,1,1,0,0,0,0,0,0,0,0,0
3,0,0,0,0,0,0,0,0,0,1,0,0,0
3,0,0,0,0,0,0,1,0,0,0,0,0,0
3,0,0,0,0,0,0,0,0,0,1,0,0,0
3,0,0,1,0,1,1,0,0,0,0,0,0,0
3,0,1,0,0,0,0,0,0,1,0,0,0,0
3,0,0,0,0,1,0,0,0,0,0,0,0,0
3,0,1,0,0,0,0,1,0,0,0,0,0,0
3,0,0,0,0,1,0,1,0,0,0,0,0,0
3,0,0,0,0,0,0,0,0,0,0,0,0,0
3,0,0,0,0,0,0,0,0,0,0,0,0,0
3,0,0,0,0,0,0,0,0,1,0,0,0,0
3,0,0,0,0,1,0,1,0,0,0,0,0,0
3,0,1,0,0,0,0,0,0,1,0,0,1,0
3,0,0,0,0,0,0,1,0,0,0,0,0,0
3,0,0,0,0,0,0,0,0,0,0,0,0,0
3,0,0,0,0,0,0,0,0,0,1,0,0,0
3,0,0,0,0,0,0,0,0,0,0,0,0,0
3,0,0,0,0,0,0,0,0,0,0,0,0,0
3,0,0,0,0,0,0,1,0,0,1,0,0,0
3,0,0,0,0,0,0,0,0,0,0,0,0,0
3,0,0,0,1,0,0,0,0,0,0,0,0,0
3,0,0,0,0,1,1,0,0,0,0,0,0,0
3,0,0,0,0,0,0,0,0,0,0,0,0,0
1,0,0,0,0,1,0,0,0,0,0,0,0,0
1,0,0,0,0,0,0,0,0,1,0,0,0,0
1,0,0,0,0,1,0,0,0,1,0,0,0,0
1,0,0,0,0,0,0,1,0,1,1,0,0,0
1,0,0,1,0,1,0,0,0,0,0,0,0,0
1,0,0,0,0,1,0,0,0,1,0,0,0,0
1,0,0,0,0,0,0,0,0,0,0,0,0,0
1,0,0,0,0,1,1,0,0,1,0,0,0,1
1,0,0,0,0,0,0,0,0,0,1,0,0,0
1,0,0,0,0,1,0,0,0,0,0,0,0,0
1,0,0,0,0,0,0,0,0,0,0,0,0,0
1,0,0,0,0,0,0,0,0,0,0,0,0,0
1,0,0,0,0,1,1,0,0,1,0,0,0,0
1,0,0,0,0,0,0,0,0,1,0,0,0,0
1,0,0,0,0,0,0,0,0,0,0,0,0,0
1,0,0,0,0,0,0,0,1,0,0,0,0,0
1,0,0,0,0,0,0,0,0,1,0,0,0,0
1,0,0,0,0,1,0,0,0,0,0,0,0,0
1,0,0,0,0,0,0,0,0,0,0,0,0,0
1,0,0,0,0,1,0,0,0,1,0,0,0,1
1,0,0,0,0,1,0,0,0,0,0,0,0,0
1,0,0,0,0,1,0,0,0,1,0,0,0,0
1,0,0,0,0,0,0,1,0,0,0,0,0,0
1,0,0,0,0,0,1,0,0,0,1,0,0,0
1,0,0,0,0,0,0,0,0,0,0,0,0,0
1,0,0,0,0,0,0,0,0,0,0,0,0,0
1,0,0,0,0,0,0,0,0,0,0,0,0,0
1,0,0,0,0,1,0,0,0,0,1,0,0,0
1,0,0,0,0,0,0,0,0,1,0,0,0,0
1,0,0,0,0,0,0,0,0,0,0,0,0,0
1,0,1,0,0,0,0,0,0,0,0,0,0,0
1,0,0,0,0,1,0,0,0,0,0,0,0,1
1,0,0,0,0,1,0,1,0,0,0,0,0,0
1,0,0,0,0,0,0,0,0,1,0,0,0,0
1,0,0,0,0,1,0,1,0,0,0,0,0,0
1,0,0,1,0,0,1,0,0,1,0,0,0,0
1,0,0,0,0,1,0,1,0,0,1,0,0,0
1,0,0,0,0,0,0,0,0,0,0,0,0,0
1,0,0,0,0,0,0,0,0,0,0,0,0,0
1,0,1,1,1,0,0,0,0,0,0,0,0,0
1,0,0,0,0,1,0,0,0,0,0,0,0,0
1,0,0,0,0,0,0,0,0,0,0,0,0,0
1,0,0,0,0,0,0,0,0,0,0,0,0,0
1,1,0,1,0,1,0,0,0,0,1,0,0,0
1,0,0,0,0,1,0,0,0,0,0,0,0,0
1,0,0,0,0,0,0,0,0,0,0,0,1,0
1,0,0,0,0,0,0,0,0,1,0,0,0,0
1,1,0,1,0,1,0,0,0,1,1,0,0,0
1,0,0,0,0,0,1,0,0,1,0,0,0,0
1,0,1,0,0,1,0,0,0,0,0,0,0,0
1,0,0,0,0,1,0,0,0,0,0,0,0,0
1,0,0,0,0,1,0,0,0,0,1,0,0,0
1,0,0,0,0,0,0,0,0,1,0,0,0,0
1,0,0,1,0,0,0,1,0,1,0,0,0,0
1,0,0,0,0,1,0,0,0,0,0,0,0,0
1,0,0,0,0,0,0,0,0,0,0,0,0,0
1,0,0,0,0,0,0,1,0,0,1,0,0,0
1,0,0,0,0,0,0,1,0,1,0,0,0,0
1,0,1,0,0,0,1,0,0,1,0,0,0,0
1,0,1,0,0,1,0,0,0,1,0,0,1,0
1,0,0,1,0,1,0,0,0,0,0,0,0,0
1,0,0,0,0,0,0,0,0,0,0,0,0,0
1,0,1,0,0,0,0,0,0,0,0,0,0,0
1,0,0,0,0,1,0,0,0,0,0,0,0,0
1,0,0,1,0,1,0,0,0,0,1,0,0,0
1,0,1,0,0,0,0,0,0,0,1,0,1,0
1,0,0,0,0,0,0,0,0,0,0,0,0,0
2,0,0,0,0,0,0,0,0,0,1,0,0,0
2,0,0,0,0,0,0,0,0,0,0,0,0,0
2,0,1,0,0,0,0,0,0,1,0,0,1,0
2,0,1,1,0,0,0,0,0,1,0,0,1,0
2,0,0,0,0,0,0,0,0,0,0,0,0,0
2,0,1,0,0,1,0,0,0,1,0,0,0,0
2,0,0,0,0,0,0,0,0,0,0,0,0,0
2,0,0,0,0,0,0,1,0,0,0,0,0,0
2,0,0,0,0,0,0,0,0,0,0,0,0,0
2,0,1,0,0,0,0,0,0,1,0,0,0,0
2,0,0,0,0,0,0,0,0,0,0,0,0,0
2,0,0,0,0,0,0,0,0,0,0,0,0,0
2,0,1,0,0,0,0,0,0,1,1,0,1,0
2,0,0,0,0,0,0,0,0,1,0,0,0,0
2,0,0,0,0,0,0,1,0,0,0,0,1,1
2,0,0,0,0,0,0,0,0,0,0,0,0,0
2,0,0,0,0,0,0,0,0,0,0,0,0,0
2,0,0,0,0,0,0,0,0,1,0,0,0,0
2,0,0,0,0,0,0,0,0,1,0,0,0,0
2,0,0,0,0,1,0,0,0,0,0,0,0,0
2,0,0,0,0,0,0,0,0,0,0,0,0,0
2,0,0,0,0,0,0,0,0,1,0,0,0,0
2,0,0,1,1,0,0,0,0,1,0,0,0,1
2,0,0,0,0,0,1,0,0,1,0,0,0,1
2,0,0,0,0,0,0,0,0,0,0,0,0,0
2,0,0,0,0,0,0,0,0,0,0,0,0,0
2,0,0,0,0,0,0,0,0,0,0,0,0,0
2,0,0,1,0,1,0,1,0,0,0,0,0,0
2,0,0,0,0,0,0,0,0,0,0,0,0,0
2,0,0,1,0,0,0,0,0,0,0,0,0,0
2,0,0,0,0,0,0,0,0,0,0,0,0,0
2,0,1,0,0,0,0,0,0,1,0,0,0,0
2,0,0,0,0,0,0,0,0,0,0,0,0,0
2,0,0,0,0,0,0,0,0,0,0,0,0,0
2,0,0,1,0,0,0,0,0,1,1,0,0,0
2,0,0,0,0,0,0,0,0,0,0,0,0,0
2,0,0,0,0,0,0,0,0,1,0,0,0,0
2,0,0,1,0,0,0,0,0,0,0,0,0,0
2,0,0,0,1,0,0,0,0,0,0,0,0,0
2,0,0,0,0,0,0,0,0,0,0,0,0,0
2,0,1,0,0,0,0,1,0,1,0,0,0,0
2,0,0,0,0,0,0,0,0,1,0,0,0,0
2,0,0,0,0,0,0,0,0,1,0,0,0,0
2,0,0,0,0,0,0,0,0,0,1,0,0,0
2,0,0,0,0,0,0,0,0,0,0,0,0,0
2,0,0,0,0,0,0,0,0,1,1,0,0,0
2,0,0,0,0,0,1,0,0,0,0,0,0,0
2,0,0,0,0,0,0,1,0,0,1,0,0,0
2,1,0,0,0,0,0,0,0,0,0,0,0,0
2,0,1,0,0,0,0,0,0,1,0,0,1,0
2,0,0,1,0,0,0,0,0,1,1,0,0,0
2,0,0,0,0,0,0,0,0,0,0,0,0,0
2,0,1,0,0,0,0,0,0,0,0,0,1,0
2,0,0,0,0,0,0,0,0,0,0,0,0,0
2,0,0,0,0,0,0,0,1,0,1,0,0,0
2,1,0,0,0,0,0,0,0,1,0,0,1,1
2,0,0,0,0,0,0,0,0,0,0,0,0,0
2,0,0,0,0,0,0,0,0,0,0,0,0,0
2,0,0,0,0,0,0,0,0,0,0,0,0,1
2,0,0,0,0,0,0,0,0,0,0,0,0,1
2,0,0,0,0,0,0,0,0,0,0,0,0,0
2,0,1,0,0,0,0,0,0,0,0,0,0,0
2,0,0,0,0,0,0,0,0,1,0,0,0,0
2,0,0,0,0,0,0,0,0,1,0,0,0,0
2,0,0,0,0,0,0,0,0,0,0,0,0,0
2,0,0,0,0,0,0,0,0,0,0,0,0,0
2,0,1,0,0,0,0,0,0,1,1,0,1,0
2,0,0,1,0,0,0,0,0,0,0,0,0,0
2,0,0,0,0,0,0,0,0,0,0,0,0,0
2,0,0,0,0,0,0,0,0,0,1,0,0,0
2,0,0,0,0,0,0,0,0,0,0,0,1,0
2,0,0,0,0,1,0,0,0,1,1,0,0,0
2,0,0,0,0,0,0,0,0,0,0,0,0,0
2,0,1,1,0,0,0,0,0,1,0,0,1,0
2,0,0,0,0,0,0,0,0,1,0,0,0,1
2,0,0,0,0,0,0,0,0,0,0,0,0,0
2,0,0,0,0,0,0,1,0,0,0,0,0,0
2,0,0,0,0,0,0,0,0,1,1,0,0,0
2,0,0,0,0,0,0,0,0,0,0,0,0,0
2,0,0,0,0,0,0,0,0,0,0,0,0,0
2,0,0,0,0,0,0,0,0,0,0,0,0,0
2,0,0,1,1,0,0,0,0,0,0,0,0,0
2,0,1,0,0,0,0,0,0,1,1,0,1,0
2,0,0,0,0,0,0,0,0,1,0,0,0,0
2,0,0,0,0,0,0,0,0,1,0,0,0,0
2,0,0,0,0,0,0,0,0,1,0,0,0,0
2,0,1,0,0,0,0,0,0,1,0,0,1,1
2,0,0,0,0,0,0,0,0,0,0,0,0,0
2,0,0,0,0,0,0,0,0,0,0,0,0,0
2,0,0,0,0,0,0,0,0,1,0,0,0,0
2,0,0,0,0,0,0,0,0,0,0,0,0,0
2,0,0,0,0,0,0,0,0,1,0,0,0,0
2,0,0,0,0,0,0,0,0,0,0,0,0,0
2,0,1,0,0,1,0,0,0,1,0,0,0,0
2,0,1,0,0,0,0,0,0,0,0,0,1,0
2,0,0,0,0,0,0,1,0,0,1,0,0,0
2,0,0,1,0,0,0,0,0,0,0,0,0,1
2,0,0,0,0,0,0,0,0,0,0,0,0,0
2,0,0,0,0,0,0,1,0,0,0,0,0,0
2,0,0,0,0,0,0,0,0,0,1,0,0,0
2,0,1,1,0,0,0,0,0,0,0,0,0,0
2,0,0,0,0,0,0,0,0,0,0,0,0,0
2,0,0,0,0,0,0,0,0,0,0,0,0,0
2,0,0,0,0,1,0,1,0,0,0,0,1,0
2,0,0,0,0,0,0,0,0,0,1,0,0,0
2,0,0,0,0,0,0,0,0,0,0,0,0,0
2,0,0,0,0,0,0,0,0,0,0,0,0,0
2,0,0,0,0,0,0,0,0,0,0,0,0,0
2,0,0,0,0,0,0,0,0,0,1,0,0,0
2,0,1,0,0,0,0,0,0,0,0,0,0,0
2,0,0,0,0,0,0,0,0,1,0,0,0,1
2,0,1,0,0,0,0,0,0,1,0,0,0,0
2,0,0,0,0,0,0,0,0,0,0,0,0,0
2,0,0,0,0,0,0,0,0,1,0,0,0,1
2,0,0,0,0,0,0,0,0,0,1,0,0,0
2,0,0,0,0,0,0,0,0,0,0,0,0,0
2,0,1,0,0,0,0,0,0,0,0,0,0,0
2,0,1,0,0,0,0,0,0,1,0,0,0,1
2,0,0,0,0,0,0,0,0,0,0,0,0,0
2,0,0,0,0,0,0,0,0,0,0,0,0,0
2,0,0,1,1,0,0,0,0,0,1,0,0,0
2,0,0,0,0,0,1,0,0,0,0,0,0,0
2,0,0,0,0,0,0,0,0,1,0,0,0,0
2,0,0,0,0,0,0,0,0,0,0,0,0,0
2,0,0,1,0,0,0,0,0,0,0,0,0,0
2,0,0,1,0,0,0,0,0,0,0,0,0,0
2,0,0,0,0,0,0,0,0,0,0,0,0,0
2,0,0,0,0,0,0,0,0,1,0,0,0,0
2,0,0,0,0,0,0,0,0,1,0,0,0,0
2,0,0,0,0,0,0,0,0,0,0,0,0,0
2,0,0,0,0,0,0,0,0,0,0,0,0,0
2,0,0,0,0,0,0,0,0,0,0,0,0,0
2,0,0,0,0,0,0,0,0,0,0,0,1,0
2,0,0,0,0,0,0,0,0,0,0,0,0,0
2,0,0,0,0,0,0,0,0,1,0,0,0,1
2,0,0,0,0,0,0,0,0,0,0,0,0,0
2,0,0,0,0,0,0,0,0,0,0,0,0,0
2,0,0,0,0,0,0,0,0,0,0,0,0,0
2,0,0,0,0,0,0,0,0,0,0,0,0,0
2,0,1,0,0,0,0,0,0,0,0,0,1,0
2,0,0,0,0,0,0,0,0,0,0,0,0,0
2,0,0,0,0,0,0,0,0,1,0,0,0,1
2,0,1,0,0,0,0,0,0,0,0,0,0,0
2,0,0,0,0,0,0,0,0,0,0,0,1,0
2,0,0,0,0,0,0,0,0,1,0,0,0,0
2,0,0,0,1,0,0,0,0,0,1,0,0,0
2,0,0,0,0,0,0,0,0,0,0,0,0,0
2,0,0,1,1,0,0,0,0,0,0,0,0,0
2,0,0,0,0,0,0,0,0,0,0,0,0,1
2,0,0,0,0,0,0,0,0,1,0,0,0,0
2,0,0,0,0,0,0,0,0,0,0,0,0,0
2,0,0,0,0,0,0,0,0,0,0,0,0,0
2,0,0,0,0,0,0,0,0,0,0,0,0,0
2,0,1,0,0,0,0,1,0,1,0,0,1,0
2,0,0,0,0,0,0,0,0,1,0,0,0,0
2,0,0,0,0,0,0,0,0,0,0,0,0,0
2,0,0,1,0,0,0,0,0,0,0,0,0,0
2,0,0,0,0,0,0,0,0,1,0,0,0,0
2,0,1,0,0,0,0,0,0,1,0,0,1,0
2,0,0,0,0,0,0,0,0,1,0,0,0,0
2,0,0,0,0,0,0,0,0,0,0,0,0,0
2,0,0,0,1,0,1,1,1,1,0,0,0,0
2,0,0,0,0,0,0,0,0,0,1,0,0,1
2,0,0,0,0,0,0,1,0,0,0,0,0,0
2,0,1,0,0,0,0,0,0,0,0,0,1,0
2,0,0,0,0,0,0,0,0,0,0,0,0,0
2,0,0,0,0,0,0,0,0,0,0,0,0,0
2,0,0,0,0,0,0,0,0,0,0,0,0,0
2,1,0,1,0,0,0,0,0,0,0,0,0,0
2,0,0,0,0,0,0,0,0,0,0,0,0,0
2,0,0,0,0,0,1,0,0,0,0,0,0,1
2,0,0,0,0,0,0,0,0,0,0,0,0,0
2,0,0,0,0,0,0,0,0,0,0,0,0,0
2,0,0,0,0,0,0,0,0,0,0,0,0,0
2,0,0,0,0,0,0,0,0,0,0,0,0,0
2,0,0,0,0,1,0,0,0,0,0,0,0,0
2,0,0,0,0,0,0,0,0,0,0,0,0,0
2,0,0,0,0,0,0,0,0,0,0,0,0,0
2,0,0,0,0,0,0,0,0,0,0,0,0,0
2,0,0,0,0,0,0,0,0,0,1,0,0,0
2,0,0,0,0,0,0,0,0,0,0,0,0,0
2,0,0,0,0,0,0,0,0,0,0,0,0,0
2,0,0,0,0,0,0,0,0,0,1,0,0,0
2,0,0,0,1,0,0,0,0,0,1,0,0,0
2,0,0,0,0,0,0,0,0,0,0,0,0,0
2,0,0,0,0,0,0,0,0,0,0,0,0,0
2,0,0,0,0,0,0,0,0,0,0,0,0,0
2,0,0,0,0,0,0,0,0,0,0,0,0,0
2,0,0,0,0,0,0,0,0,0,0,0,0,0
2,0,0,0,0,0,0,0,0,1,0,0,1,0
2,0,0,0,0,0,0,0,0,0,0,0,0,0
2,0,0,0,0,0,0,0,0,1,0,0,0,0
2,0,0,0,0,0,0,0,0,0,0,0,0,0
2,0,0,0,0,0,0,0,0,0,0,0,0,0
2,0,0,0,0,0,0,0,0,0,0,0,0,0
2,0,0,0,0,0,0,0,0,0,1,0,0,0
2,0,0,0,0,0,0,0,0,0,0,0,0,0
2,0,0,0,0,0,0,0,0,0,0,0,0,0
2,0,0,0,0,0,0,0,0,0,0,0,0,0
2,0,0,0,0,0,0,0,0,1,0,0,0,0
2,0,0,1,0,0,0,0,0,0,0,0,0,0
2,0,0,0,0,0,0,0,0,0,0,0,0,0
2,0,1,0,0,0,0,0,0,0,0,0,1,1
2,0,0,0,0,0,0,0,0,1,0,0,0,0
2,0,0,0,0,0,0,0,0,0,0,0,0,0
2,0,0,0,0,0,0,0,0,0,0,0,0,0
2,0,0,0,0,0,0,0,0,0,0,0,0,0
2,0,0,0,0,0,0,0,0,0,0,0,0,0
2,0,1,0,0,0,0,0,0,1,0,0,1,1
2,0,0,0,0,0,0,0,0,0,0,0,0,0
2,0,0,0,0,0,0,0,0,1,0,0,1,0
2,0,1,0,0,1,0,0,0,1,0,0,0,0
2,0,0,0,0,0,0,0,0,0,0,0,1,0
2,0,0,0,0,0,0,0,0,0,0,0,0,0
2,0,0,0,0,0,0,0,0,0,0,0,0,0
2,0,1,0,0,0,0,0,0,0,0,0,0,0
2,0,0,0,0,0,0,0,0,1,0,0,0,0
2,1,0,0,0,0,0,0,0,0,0,0,0,0
2,0,0,0,0,0,0,0,0,0,0,0,0,0
2,0,1,0,0,0,0,0,0,1,0,0,1,0
2,0,0,0,0,0,0,0,0,0,0,0,0,0
2,0,0,0,0,0,0,0,0,0,0,0,0,0
2,0,1,0,0,0,0,1,0,1,0,0,0,0
2,0,0,0,0,1,0,0,0,0,0,0,0,0
2,0,0,0,0,0,0,0,0,0,0,0,0,0
2,0,0,0,0,0,0,0,0,0,0,0,0,0
2,1,0,0,0,0,0,0,0,0,0,0,0,0
2,0,0,1,0,0,0,0,0,0,0,0,0,0
2,0,0,0,0,0,0,0,0,1,0,0,0,0
2,0,0,1,0,0,0,0,0,0,0,0,0,0
2,0,0,0,0,0,0,0,0,0,0,0,0,0
2,0,0,0,0,0,0,1,0,0,0,0,0,0
2,0,0,0,0,0,0,0,0,0,1,0,0,1
2,0,0,0,0,0,0,0,0,0,0,0,0,0
2,0,0,0,0,0,0,0,0,0,1,0,0,0
2,0,0,0,0,0,0,0,0,0,0,0,0,0
2,0,0,0,0,0,0,0,0,0,0,0,0,0
2,0,0,0,0,0,0,1,0,1,0,0,0,0
2,0,0,0,0,0,0,0,0,0,1,0,0,0
2,0,0,1,0,1,0,0,0,0,0,0,0,0
2,0,0,1,1,0,0,1,0,1,0,0,0,1
2,0,0,1,0,0,0,0,0,0,0,0,0,0
2,0,1,0,0,0,0,0,0,0,0,0,0,0
2,0,1,0,0,0,0,0,0,0,0,0,0,0
2,0,0,0,0,0,0,0,0,0,0,0,0,0
2,0,0,0,1,1,0,1,0,0,0,0,0,0
2,0,0,0,0,0,0,0,0,1,1,0,0,0
2,0,0,0,0,0,0,0,0,0,0,0,0,0
2,0,0,1,0,0,0,0,0,0,0,0,0,0
2,0,0,1,0,0,0,0,0,0,0,0,0,0
2,0,0,0,0,0,0,0,0,0,0,0,0,0
2,0,0,0,0,0,0,0,0,0,1,0,0,0
2,0,0,0,0,0,0,0,0,0,0,0,0,0
2,0,0,0,0,0,0,0,0,0,0,0,0,0
2,0,0,0,0,0,0,0,0,0,0,0,0,0
2,0,0,0,0,0,0,1,0,1,0,0,0,0
2,0,0,0,0,0,0,0,0,0,0,0,0,0
2,0,0,0,0,0,0,0,0,0,0,0,0,0
2,0,0,0,0,0,0,0,0,1,0,0,0,0
2,0,1,0,0,0,0,0,0,1,0,0,0,0
2,0,0,0,0,0,0,1,0,0,1,0,0,0
2,0,0,0,0,0,0,1,0,0,0,0,0,0
2,0,0,1,1,0,0,0,0,1,0,0,0,1
2,0,0,0,0,0,0,0,0,0,0,0,0,0
2,0,0,0,0,0,0,0,0,0,0,0,0,0
2,0,0,1,0,0,0,0,0,0,0,0,0,0
2,0,0,1,0,0,0,0,0,0,0,0,0,0
2,0,0,0,0,0,0,0,0,1,0,0,0,0
2,0,0,0,0,0,0,0,0,1,0,0,0,0
2,0,0,0,0,0,0,0,0,0,0,0,0,0
2,0,1,0,0,0,0,0,0,0,0,0,0,0
2,0,0,0,0,0,0,0,0,1,0,0,0,0
2,0,0,0,0,0,0,0,0,0,0,0,0,1
2,0,0,0,0,0,0,0,0,1,0,0,0,1
2,0,0,0,0,0,0,0,0,0,0,0,0,0
2,0,1,0,0,0,0,0,0,1,0,0,0,0
2,0,1,0,0,0,0,0,0,0,0,0,0,0
2,0,0,0,0,0,0,0,0,0,0,0,0,0
2,0,0,0,0,1,0,0,0,0,0,0,0,0
2,0,1,0,0,0,0,0,0,0,0,0,0,0
2,0,0,0,1,0,0,0,0,0,1,0,0,0
2,0,0,0,0,0,0,0,0,0,0,0,0,0
2,0,1,0,0,0,0,0,0,0,0,0,0,1
2,0,1,0,0,0,0,0,0,0,0,0,0,0
2,0,0,0,0,0,0,0,0,0,0,0,1,0
2,0,0,0,0,0,0,0,0,1,0,0,0,0
2,0,0,0,0,0,0,0,0,1,0,0,0,0
2,0,0,0,0,0,0,1,0,1,0,0,0,0
2,0,0,0,0,0,0,0,0,0,0,0,0,0
2,0,0,0,0,1,0,0,0,0,0,0,0,0
2,0,0,0,0,0,0,0,0,0,0,0,0,0
2,0,0,0,0,0,0,0,0,1,0,0,0,0
2,0,0,0,0,0,0,0,0,0,0,0,1,0
2,0,0,1,0,0,0,0,0,0,0,0,0,0
2,0,0,0,0,0,0,0,0,0,0,0,1,0
2,0,0,0,0,0,0,0,0,0,0,0,0,0
2,0,0,1,0,0,0,0,0,0,0,0,0,0
2,0,1,0,0,0,0,1,0,0,0,0,0,0
2,0,0,0,0,0,0,0,0,0,0,0,0,0
2,0,0,0,0,0,0,0,0,1,0,0,0,1
2,0,0,0,0,0,0,0,0,0,0,0,0,0
2,0,0,0,0,0,1,0,0,0,0,0,0,1
2,0,0,0,0,0,0,0,0,0,0,0,0,1
2,0,0,0,0,0,1,0,0,0,0,0,0,0
2,0,0,0,0,0,0,1,0,0,0,0,0,0
2,0,0,0,0,0,0,0,0,0,0,0,0,0
2,0,0,0,0,0,0,0,0,0,1,0,0,0
2,0,0,0,0,0,0,0,0,0,0,0,0,0
2,0,0,0,0,0,0,0,0,0,0,0,0,0
2,0,0,0,0,0,0,0,0,0,0,0,0,0
2,0,0,0,0,0,0,0,0,0,0,0,0,0
2,0,0,0,0,1,0,0,0,1,0,0,0,0
2,0,0,0,0,0,0,0,0,0,0,0,0,0
2,0,0,0,0,0,0,0,0,1,0,0,0,1
2,0,1,0,0,0,0,1,0,0,0,0,1,0
2,0,0,0,1,0,0,0,0,0,0,0,0,0
2,0,0,0,0,0,0,1,0,0,1,0,0,0
2,0,0,1,0,0,0,0,0,0,1,0,0,0
2,1,0,0,0,0,0,0,0,0,0,0,0,0
2,0,1,0,0,1,0,0,0,1,1,0,0,0
2,0,0,1,0,0,0,1,0,0,0,0,0,0
2,0,0,0,0,0,0,0,0,0,0,0,0,0
2,0,0,0,0,0,0,1,0,0,0,0,0,0
2,0,0,0,0,0,0,0,0,0,0,0,0,0
2,0,0,0,0,1,0,0,0,1,0,0,0,0
2,0,0,0,0,0,0,1,0,0,0,0,0,0
2,0,0,0,0,0,0,0,0,1,0,0,0,0
2,0,0,0,0,0,0,0,0,0,0,0,0,0
2,0,0,0,0,0,0,0,0,1,0,0,0,0
2,0,1,0,0,1,0,0,0,1,0,0,1,0
2,0,0,0,0,0,0,0,0,0,0,0,0,0
2,0,0,0,0,0,0,0,0,0,0,0,0,0
2,0,0,0,0,0,0,0,0,0,0,0,0,0
2,0,0,0,0,0,0,0,0,0,0,0,0,0
2,0,0,0,0,0,0,0,0,1,0,0,0,0
2,0,0,0,0,0,0,0,0,1,0,0,0,1
2,1,0,1,0,0,0,0,0,0,0,0,0,0
2,0,0,0,0,1,0,1,0,1,0,0,0,0
2,0,0,0,0,0,0,0,0,1,0,0,0,0
2,0,0,0,0,0,0,0,0,0,0,0,0,0
2,0,0,0,0,0,0,0,0,1,0,0,0,1
2,0,1,0,0,0,0,0,0,0,0,0,0,0
2,0,0,0,0,0,0,0,0,0,0,0,0,0
2,0,1,0,0,0,0,0,0,0,0,0,0,0
2,0,0,0,0,0,0,0,0,0,0,0,0,0
2,0,0,0,0,0,0,1,0,1,0,0,0,1
2,0,0,0,0,0,0,0,0,0,0,0,0,0
2,0,0,0,0,0,0,0,0,1,0,0,0,0
2,0,0,0,0,0,0,0,0,1,1,0,0,0
2,0,0,0,0,0,0,0,0,0,0,0,1,0
2,0,0,0,0,0,0,0,0,0,0,0,0,0
2,0,0,0,0,0,0,0,0,0,0,0,0,0
2,0,0,0,0,0,0,0,0,0,0,0,0,0
2,0,0,1,0,0,0,0,0,1,0,0,0,0
2,0,1,0,0,0,0,0,0,0,1,0,0,0
2,0,0,0,0,0,0,0,0,0,0,0,0,0
2,0,0,0,0,0,0,0,0,0,0,0,0,0
2,0,0,0,0,1,0,0,0,1,0,0,0,0
2,0,0,1,0,0,0,0,0,1,0,0,0,1
2,0,0,0,0,0,0,0,0,0,0,0,0,0
2,0,0,0,0,0,0,0,0,0,0,0,0,0
2,0,0,1,0,0,0,0,0,0,0,0,0,0
2,0,1,1,0,0,0,0,0,0,0,0,1,0
2,0,0,0,0,0,0,0,0,0,0,0,1,0
2,0,0,0,0,0,0,0,0,0,0,0,0,0
2,0,0,0,0,0,0,0,0,0,0,0,0,0
2,0,0,0,0,0,0,0,0,0,0,0,0,0
2,0,0,0,0,0,0,0,0,0,0,0,0,0
2,0,0,0,0,0,0,0,0,0,0,0,0,0
2,0,0,0,0,0,0,0,0,0,0,0,0,0
2,0,0,0,0,0,0,0,0,1,0,0,0,1
2,0,0,0,0,0,0,0,0,0,0,0,0,0
2,0,0,0,0,0,0,0,0,1,0,0,0,0
2,0,1,0,0,0,0,0,0,0,0,0,0,0
2,0,0,0,0,0,0,0,0,1,0,0,0,0
2,0,0,0,0,0,0,0,0,0,0,0,0,0
2,0,0,0,0,0,0,0,0,0,0,0,0,0
2,0,0,0,0,0,0,0,0,0,0,0,0,0
2,0,1,0,0,0,0,1,0,1,0,0,0,0
2,0,0,0,0,0,0,0,0,0,0,0,0,0
2,0,1,0,0,0,0,1,0,0,1,0,0,0
2,0,0,0,0,0,0,0,0,0,0,0,0,0
2,0,0,0,0,0,0,0,0,1,0,0,0,0
2,0,0,0,0,0,0,0,0,1,0,0,0,0
2,0,1,0,0,0,0,0,0,0,1,0,1,0
2,0,0,0,0,0,0,0,0,0,0,0,0,1
2,1,0,1,0,1,0,0,0,0,0,0,0,0
2,0,0,0,0,0,0,0,0,0,0,0,0,0
2,0,0,0,0,0,0,1,0,0,0,0,0,0
2,0,0,1,0,0,0,0,0,0,0,0,0,0
2,0,0,1,0,0,0,0,0,0,0,0,0,0
2,0,0,0,0,0,0,0,0,0,1,0,0,0
2,0,0,0,0,0,0,0,0,0,0,0,0,0
2,0,0,1,0,0,0,0,0,1,0,0,0,0
2,1,0,0,0,0,0,0,0,0,0,0,0,0
2,0,0,0,0,0,0,1,0,0,0,0,0,0
2,0,0,0,0,0,0,0,0,0,1,0,0,0
2,0,1,0,0,0,0,0,0,0,0,0,0,0
2,0,1,0,0,0,0,0,0,0,0,0,1,0
2,0,0,0,0,0,0,0,0,1,0,0,0,0
2,0,0,1,1,0,0,0,0,1,0,0,0,0
2,0,0,0,0,0,0,0,0,0,0,0,0,0
2,0,0,0,0,0,0,0,0,0,0,0,0,0
2,0,0,0,0,0,0,0,0,0,0,0,0,0
2,0,0,0,0,0,0,0,0,0,0,0,0,0
2,0,0,0,0,0,0,0,0,0,0,0,0,0
2,0,0,0,0,0,0,0,0,1,0,0,0,0
2,0,0,0,0,0,0,0,0,0,0,0,0,0
2,0,0,0,0,0,0,1,0,0,0,0,0,0
2,0,0,0,0,0,0,0,0,0,0,0,0,0
2,0,0,0,0,0,0,0,0,0,0,0,0,0
2,0,0,0,0,0,0,1,0,0,0,0,0,0
2,0,0,0,0,1,0,0,0,1,0,0,0,0
2,0,0,0,0,0,0,0,0,0,0,0,0,0
2,0,0,1,0,0,0,0,0,0,0,0,0,0
2,0,0,0,0,0,0,1,0,1,0,0,0,0
2,1,0,0,0,0,0,0,0,0,0,0,0,0
2,0,0,0,0,0,0,0,0,0,0,0,0,0
2,0,0,1,1,0,0,0,0,0,0,0,0,0
2,0,1,1,0,0,0,0,0,0,0,0,0,0
2,0,0,0,0,0,0,0,0,1,0,0,0,0
2,0,0,0,0,0,0,0,0,0,0,0,0,0
2,0,1,0,0,0,0,0,0,0,0,0,1,0
2,0,0,0,0,0,0,0,0,0,0,0,0,0
2,0,1,0,0,0,0,0,0,1,0,0,1,1
2,0,0,0,0,0,0,0,0,0,0,0,0,0
2,0,0,1,0,0,0,0,0,1,0,0,0,0
2,0,0,0,0,0,1,0,0,0,1,0,0,0
2,0,0,0,1,0,1,0,0,0,0,0,0,1
2,0,0,0,0,0,0,0,0,0,0,0,0,0
2,0,0,0,0,0,0,0,0,1,1,0,0,0
2,0,0,0,0,0,0,0,0,0,0,0,0,0
2,0,0,0,0,0,1,0,0,0,0,0,0,0
2,0,0,0,0,0,0,0,0,0,0,0,0,0
2,0,0,0,0,0,0,0,0,0,0,0,0,1
2,0,0,1,0,0,0,0,0,1,0,0,0,0
2,0,0,1,0,0,0,0,0,1,0,0,0,0
2,0,0,0,0,0,0,0,0,0,0,0,0,0
2,1,0,0,1,0,0,0,0,0,1,0,0,0
2,0,0,0,0,0,0,0,0,1,0,0,0,0
2,0,0,0,0,0,0,0,0,0,0,0,0,0
2,0,0,0,0,0,0,0,0,0,0,0,0,0
2,0,0,0,0,0,0,0,0,0,0,0,0,0
2,0,0,0,0,0,0,0,0,0,0,0,0,0
2,0,1,0,0,0,0,0,0,0,0,0,1,0
2,0,0,0,0,0,0,0,0,0,0,0,0,0
2,0,0,0,0,0,0,1,0,0,0,0,0,0
2,0,0,0,0,0,0,1,0,0,0,0,0,0
2,0,0,0,0,0,0,0,0,0,0,0,0,0
2,1,0,1,0,0,0,1,0,1,0,0,0,0
2,0,0,0,0,0,0,0,0,0,0,0,0,0
2,0,0,0,0,0,0,0,0,0,0,0,0,0
2,0,0,1,0,0,0,0,0,0,0,0,0,0
2,0,0,0,0,0,0,0,0,0,0,0,0,0
2,0,1,0,0,0,0,0,0,0,0,0,0,0
2,0,1,0,0,0,0,0,0,0,0,0,1,0
2,0,0,0,0,1,0,0,0,1,1,0,0,0
2,0,0,1,0,0,0,0,0,0,0,0,0,0
2,0,0,0,0,0,0,0,0,0,0,0,0,0
2,0,0,0,0,0,0,0,0,0,1,0,0,0
2,1,1,0,0,0,0,0,0,1,0,0,0,0
2,0,0,0,0,0,0,0,0,0,0,0,0,0
2,0,0,0,0,0,0,0,0,0,0,0,0,0
2,0,1,0,0,0,0,0,0,0,0,0,1,0
2,0,0,0,0,0,0,0,0,0,0,0,0,0
2,0,0,0,0,0,0,0,0,0,0,0,0,0
2,0,0,0,0,0,0,0,0,0,0,0,0,0
2,0,0,0,0,0,0,0,0,0,0,0,0,0
2,0,0,0,0,0,0,0,0,0,0,0,0,0
2,0,0,0,0,0,0,0,0,0,0,0,0,0
2,0,0,1,0,0,0,0,0,0,0,0,0,0
2,0,1,0,0,1,0,0,0,0,1,0,0,0
2,0,0,0,0,0,0,0,0,0,0,0,0,0
2,0,0,0,0,0,0,0,0,1,0,0,0,1
2,0,0,0,1,0,0,0,0,0,1,0,0,0
2,0,0,0,0,0,0,0,0,0,0,0,0,1
2,0,1,0,0,0,0,0,0,1,0,0,0,0
2,0,0,0,0,0,0,0,0,0,0,0,0,0
2,0,0,0,0,0,0,0,0,0,1,0,0,0
2,0,0,0,0,0,0,0,0,0,0,0,1,0
2,0,0,0,0,0,0,0,0,1,0,0,0,0
2,0,0,0,0,0,0,0,0,0,0,0,0,0
2,0,0,0,0,0,0,0,0,0,0,0,0,0
2,0,0,0,0,0,0,0,0,0,0,0,0,0
2,0,0,0,0,0,0,0,0,0,0,0,0,0
2,0,0,0,0,0,0,0,0,1,0,0,0,0
2,0,1,0,0,0,0,0,0,1,1,0,0,0
2,0,0,1,0,0,0,0,0,0,0,0,0,0
2,0,0,0,0,0,0,0,0,0,0,0,0,0
2,0,0,0,0,1,0,1,0,1,0,0,0,0
2,0,0,0,0,0,0,1,0,0,0,0,0,0
2,0,0,0,0,0,0,0,0,0,0,0,0,0
2,0,0,0,0,0,0,0,0,1,0,0,0,1
2,0,0,0,0,0,0,0,0,0,0,0,0,0
2,0,0,0,0,0,0,1,0,0,0,0,0,0
2,0,0,1,0,1,0,0,0,0,0,0,0,0
2,0,0,0,0,0,0,0,0,0,0,0,0,0
2,0,0,0,0,0,0,0,0,0,0,0,0,0
2,0,0,0,0,0,0,0,0,1,0,0,1,0
2,0,0,0,0,0,0,0,0,0,1,0,0,0
2,0,0,0,0,0,0,0,0,1,0,0,0,1
2,0,0,0,0,0,0,0,0,1,0,0,0,0
2,0,0,0,0,1,0,1,0,1,1,0,0,0
2,0,1,0,0,0,0,0,0,0,0,0,0,0
2,0,0,0,0,0,0,0,0,1,0,0,0,0
2,0,0,1,1,0,0,0,0,0,1,0,0,0
2,0,0,0,0,0,1,0,0,0,0,0,0,0
2,0,0,0,0,0,0,0,0,0,0,0,0,0
2,0,0,0,0,0,0,0,0,0,0,0,0,0
2,0,0,0,0,0,0,0,0,0,1,0,0,0
2,0,0,0,0,0,0,0,0,1,0,0,0,0
2,0,0,0,0,0,0,0,0,0,0,0,0,1
2,0,0,0,0,0,0,0,0,0,0,0,0,0
2,0,0,0,0,0,0,1,0,0,0,0,0,0
2,0,0,0,0,0,0,0,0,0,0,0,0,0
2,0,0,0,0,0,0,0,0,1,0,0,0,0
2,0,0,0,0,0,0,0,0,1,0,0,0,0
2,0,0,0,0,0,0,0,0,0,0,0,0,0
2,0,0,1,0,0,0,0,0,0,0,0,0,0
2,0,0,0,0,0,0,1,0,0,0,0,0,0
2,0,0,0,0,0,0,0,0,0,0,0,0,0
2,0,0,0,0,0,0,0,0,1,0,0,0,0
2,0,0,0,0,0,1,0,0,0,0,0,0,0
2,1,0,0,0,0,0,0,0,0,0,0,0,0
2,0,0,0,0,0,0,0,0,0,0,0,0,0
2,0,0,0,0,0,0,0,0,0,0,0,0,0
2,0,0,0,0,0,0,0,0,0,0,0,0,0
2,0,1,0,0,0,0,0,0,0,0,0,0,0
2,0,0,0,0,0,0,0,0,1,0,0,0,1
2,0,0,0,0,1,0,1,0,0,0,0,0,0
2,0,1,0,0,0,0,0,0,0,0,0,0,0
2,0,1,0,0,0,0,0,0,1,0,0,1,1
2,0,0,0,0,0,0,0,0,0,0,0,0,0
2,0,0,0,0,0,0,1,0,0,0,0,0,0
2,0,0,0,0,0,0,0,0,1,0,0,0,0
2,0,0,0,1,0,0,0,0,0,1,0,0,0
2,0,0,0,0,0,0,0,0,1,0,0,0,0
2,0,0,0,0,0,0,0,0,1,0,0,0,0
2,0,0,0,0,0,0,0,0,0,1,0,0,0
2,0,1,0,0,0,0,0,0,0,0,0,0,0
2,0,1,0,1,0,0,0,0,0,0,0,0,0
2,0,0,0,0,0,0,0,0,0,0,0,0,0
2,0,0,0,0,0,0,0,0,0,0,0,0,0
2,0,0,0,0,0,0,0,0,1,0,0,0,0
2,0,0,0,0,0,0,0,0,0,0,0,0,0
2,0,0,0,0,0,0,0,0,0,0,0,0,0
2,0,0,0,0,0,0,0,0,0,0,0,0,0
2,0,0,0,1,0,0,0,0,1,0,0,0,1
2,1,0,0,0,0,0,0,0,1,0,0,0,0
2,0,0,0,0,0,1,0,0,0,0,0,0,0
2,0,0,1,0,0,1,0,0,0,0,0,0,1
2,0,0,0,0,0,0,0,0,0,0,0,0,0
2,0,0,0,0,0,0,0,0,0,0,0,0,0
2,0,0,0,0,0,0,0,0,0,0,0,0,0
2,0,0,0,1,0,0,1,0,0,0,0,0,0
2,0,0,0,0,0,0,0,0,0,0,0,1,1
2,0,1,1,1,0,0,0,0,0,1,0,0,0
2,0,0,0,0,0,0,0,0,0,1,0,0,0
2,0,0,0,0,0,0,0,0,0,1,0,0,0
2,0,1,0,0,0,0,0,0,1,0,0,1,0
2,0,0,0,0,0,0,0,0,0,0,0,0,0
2,0,1,0,0,0,0,0,0,0,0,0,1,0
2,0,0,0,0,1,0,0,0,1,0,0,0,0
2,0,0,0,0,0,0,0,0,1,0,0,0,0
2,0,0,1,0,0,0,0,0,0,0,0,0,0
2,0,0,0,0,0,0,0,0,0,0,0,0,0
2,0,0,0,0,0,0,0,0,0,0,0,0,0
2,0,0,0,0,0,0,0,0,0,0,0,0,0
2,0,1,0,0,0,0,0,0,0,0,0,0,0
2,0,0,0,0,1,0,1,1,1,0,0,0,0
2,0,0,1,1,0,0,0,0,0,0,0,0,0
2,0,0,0,0,0,0,0,0,0,0,0,0,0
2,0,0,0,0,0,0,0,0,0,0,0,0,0
2,0,0,0,0,0,0,0,0,0,0,0,0,0
2,0,0,0,0,0,0,0,0,0,0,0,0,0
2,0,0,0,0,0,0,0,0,1,0,0,0,0
2,0,0,0,0,0,0,0,0,0,0,0,0,0
2,0,0,0,0,1,1,1,0,0,0,0,0,0
2,0,0,0,0,0,0,0,0,0,0,0,0,0
2,0,0,0,0,0,0,0,0,0,0,0,0,0
2,0,0,1,0,0,0,0,0,0,0,0,0,0
2,0,0,0,0,0,0,0,0,0,0,0,0,0
2,0,0,0,0,0,0,0,0,0,0,0,0,0
2,0,0,0,0,0,0,0,0,0,0,0,0,0
2,0,0,0,0,0,0,0,0,0,0,0,0,0
2,0,0,0,0,0,0,0,0,0,0,0,0,0
2,0,0,0,0,0,0,0,0,0,0,0,1,0
2,0,0,0,0,0,0,0,0,1,0,0,0,0
2,0,1,0,0,1,0,0,0,1,0,0,1,0
2,0,0,0,0,0,0,0,0,0,0,0,0,0
2,0,0,0,0,0,0,0,0,0,0,0,0,0
2,0,0,0,0,0,0,0,0,0,0,0,0,0
2,0,0,0,0,0,0,0,0,0,0,0,0,0
2,0,0,1,1,0,0,0,0,0,0,0,0,0
2,0,0,0,0,0,0,0,0,0,0,0,0,0
2,0,0,0,0,0,0,0,0,0,0,0,0,0
2,0,0,0,0,0,0,0,0,0,1,0,0,0
2,0,0,0,0,0,0,0,0,0,0,0,0,0
2,0,0,0,0,0,1,0,0,0,0,0,0,0
2,0,0,0,0,0,0,0,0,0,0,0,0,0
2,0,0,0,0,0,0,0,0,0,0,0,0,0
2,0,0,0,0,0,0,0,0,1,0,0,0,0
2,0,0,0,0,0,0,0,0,1,0,0,0,0
2,0,0,0,0,0,0,0,0,0,1,0,0,0
2,0,0,0,0,0,0,0,0,0,0,0,0,0
2,0,0,0,0,0,0,0,0,0,0,0,0,0
2,0,0,0,0,0,0,0,0,1,0,0,0,1
2,0,0,0,0,0,0,0,0,1,0,0,0,0
2,0,0,1,0,0,0,0,0,0,0,0,0,0
2,0,1,0,0,1,0,0,0,0,1,0,0,0
2,0,0,0,0,0,0,1,0,0,0,0,0,0
2,0,1,1,0,0,0,0,0,0,0,0,0,0
2,0,0,0,0,0,0,0,0,0,1,0,0,0
2,0,0,0,0,0,0,0,0,0,0,0,0,0
2,0,0,0,0,0,0,0,0,1,0,0,0,1
2,0,0,0,0,0,0,0,0,0,0,0,0,0
2,0,0,0,0,0,0,0,0,0,0,0,0,0
2,0,1,0,0,0,0,0,0,0,0,0,1,0
2,0,0,0,0,0,0,0,0,1,0,0,0,1
2,0,0,0,0,0,0,0,0,0,1,0,0,0
2,0,0,0,0,0,0,0,0,1,0,0,0,0
2,0,0,0,0,0,0,0,0,1,0,0,0,0
2,0,0,0,0,0,1,0,0,0,0,0,0,0
2,0,0,0,0,0,0,0,0,0,0,0,0,0
2,0,0,0,0,0,0,0,0,0,0,0,0,0
2,0,0,0,0,0,0,1,0,1,0,0,0,0
2,0,0,0,0,0,0,0,0,0,0,0,0,0
2,0,1,0,0,0,0,1,0,1,0,0,0,0
2,0,0,0,0,0,0,0,0,0,0,0,0,0
2,0,0,0,0,0,0,0,0,0,0,0,0,0
2,0,0,0,0,0,1,0,0,0,0,0,0,1
2,0,0,1,0,0,0,0,0,1,0,0,0,0
2,0,1,0,0,0,0,0,0,0,0,0,0,0
2,0,0,0,0,0,0,0,0,0,0,0,0,0
2,0,1,0,0,0,0,0,0,0,0,0,0,0
2,1,0,1,0,0,0,0,0,0,1,0,0,0
2,0,0,0,0,0,0,0,0,0,0,0,0,0
2,0,0,0,0,0,0,0,0,1,0,0,0,0
2,0,0,0,0,0,0,0,0,1,0,0,0,0
2,0,0,1,1,0,0,0,0,0,0,0,0,0
2,0,0,0,0,0,0,0,0,0,0,0,0,0
2,0,1,0,0,0,1,0,0,1,0,0,0,0
2,0,0,0,0,0,0,0,0,0,0,0,0,0
2,0,0,0,0,0,0,0,0,0,0,0,0,0
2,0,0,0,0,0,0,1,0,0,0,0,0,1
2,0,0,0,0,0,0,0,0,1,0,0,0,0
2,1,0,0,0,0,0,0,0,1,0,0,0,0
2,0,0,0,0,0,0,0,0,0,0,0,0,0
2,0,0,0,0,0,0,0,0,0,0,0,0,0
2,0,1,0,0,0,1,0,0,1,0,0,1,1
2,0,0,0,1,0,0,0,0,0,0,0,0,0
2,0,0,0,0,0,0,0,0,0,0,0,0,0
2,0,0,0,0,0,1,0,0,1,0,0,1,0
2,0,0,0,0,0,0,0,0,1,0,0,0,0
2,0,0,0,0,0,0,0,0,1,0,0,0,0
2,0,0,0,0,0,0,0,0,1,0,0,0,0
2,0,1,0,0,0,0,0,0,0,1,0,1,0
2,0,0,1,0,0,0,0,0,0,0,0,0,0
2,0,0,0,0,0,0,0,0,1,0,0,0,0
2,0,0,0,0,0,0,1,0,0,0,0,0,0
2,0,0,0,1,0,0,0,0,0,0,0,0,0
2,0,0,0,0,0,0,0,0,0,1,0,0,0
2,0,1,0,0,0,0,0,0,1,0,0,0,0
2,0,0,0,0,0,0,0,0,0,0,0,0,0
2,0,1,0,0,0,0,0,0,0,0,0,0,0
2,0,0,1,0,0,0,0,0,0,0,0,0,0
2,0,0,0,0,0,0,0,0,0,0,0,0,0
2,0,0,0,0,0,0,0,0,1,0,0,0,0
2,0,0,0,0,0,0,0,0,0,0,0,0,0
2,0,0,0,0,0,0,0,0,0,0,0,0,0
2,0,0,0,0,0,0,0,0,0,0,0,0,0
2,0,0,0,0,0,0,0,0,0,1,0,0,0
2,0,0,1,0,0,0,0,0,0,0,0,0,0
2,0,0,0,0,0,0,0,0,0,0,0,0,0
2,0,0,0,0,1,0,0,0,0,0,0,0,0
2,0,0,0,0,0,0,0,0,1,0,0,0,0
2,1,0,1,0,0,0,0,0,0,1,0,0,0
2,0,0,1,0,0,0,1,0,0,0,0,0,0
2,0,0,0,0,0,0,0,0,0,1,0,0,0
2,0,0,1,0,0,0,0,0,0,0,0,0,0
2,0,0,0,0,0,0,0,0,0,0,0,0,0
2,0,0,0,0,0,0,0,0,0,0,0,0,0
2,0,0,0,0,0,0,0,0,0,0,0,0,0
2,0,0,0,0,0,0,0,0,1,0,0,0,0
2,0,0,0,0,0,0,0,0,0,0,0,0,0
2,0,0,0,0,0,0,0,0,1,1,0,0,0
2,0,1,0,0,0,0,0,0,1,0,0,1,0
2,0,1,0,0,0,0,1,0,0,0,0,1,0
2,0,0,1,0,0,0,0,0,1,0,0,0,0
2,0,0,1,0,0,1,0,0,0,1,0,0,0
2,0,1,0,0,0,0,0,0,0,0,0,1,0
2,0,0,0,0,0,0,0,0,0,0,0,0,0
2,0,0,0,0,0,0,0,0,0,0,0,0,1
2,0,0,1,0,1,0,0,1,0,0,0,0,0
2,0,0,0,0,0,0,0,0,1,1,0,0,0
2,0,0,0,0,0,0,0,0,0,0,0,0,0
2,0,0,0,0,0,0,0,0,0,0,0,0,0
2,0,1,0,0,0,0,0,0,1,0,0,0,0
2,0,0,0,0,0,0,0,0,0,0,0,0,0
2,0,0,0,0,0,0,0,0,0,0,0,0,0
2,1,0,0,0,0,0,0,0,0,0,0,0,0
2,0,0,0,0,0,0,0,0,1,0,0,0,0
2,0,0,0,0,0,0,0,0,0,0,0,0,0
2,0,0,0,0,0,0,0,0,0,0,0,0,1
2,0,1,1,0,0,1,1,0,1,0,0,1,1
2,0,0,0,0,0,0,0,0,0,0,0,0,0
2,0,0,0,0,0,0,0,0,0,0,0,0,1
2,0,0,0,0,0,0,0,0,1,0,0,0,1
2,0,0,0,0,0,0,0,0,0,0,0,0,0
2,0,0,0,0,0,0,0,0,0,0,0,0,0
2,0,0,0,0,0,0,0,0,0,1,0,0,0
2,0,1,0,0,0,0,0,0,0,1,0,0,0
2,0,0,0,0,0,0,0,0,1,0,0,0,0
2,0,0,0,0,0,0,0,0,0,1,0,0,0
2,0,0,0,0,0,0,0,0,0,0,0,0,0
2,0,0,0,0,0,0,0,0,0,0,0,0,0
2,0,1,0,0,0,0,0,0,0,0,0,1,0
2,0,0,0,0,0,0,0,0,0,0,0,0,0
2,0,0,0,0,0,0,0,0,1,0,0,0,0
2,0,0,0,0,0,0,1,0,1,0,0,0,0
2,0,1,0,0,0,0,0,0,0,0,0,0,0
2,0,0,0,0,0,0,0,0,1,0,0,0,0
2,0,0,0,0,0,1,0,0,0,0,0,0,1
2,0,0,0,0,0,0,0,0,0,0,0,0,0
2,0,0,1,1,0,0,0,0,0,0,0,0,0
2,0,0,0,0,0,0,0,0,0,0,0,0,1
2,0,0,0,0,0,0,0,0,1,0,0,0,0
2,0,0,0,0,0,0,0,0,0,1,0,0,0
2,0,0,1,0,0,0,0,0,0,1,0,0,0
2,0,0,0,0,1,1,0,0,0,0,0,0,0
2,0,0,0,0,0,0,0,0,0,0,0,0,0
2,0,0,0,0,0,0,0,0,0,1,0,0,0
2,0,1,0,0,0,0,0,0,1,0,0,1,0
2,1,0,1,0,0,0,0,0,0,0,0,0,0
2,0,0,0,0,0,0,0,0,0,0,0,1,0
2,0,1,0,0,0,0,0,1,1,0,0,1,0
2,0,0,0,0,0,0,0,0,0,0,0,0,0
2,0,0,0,0,0,0,0,0,0,0,0,0,0
2,0,0,0,0,0,0,0,0,0,0,0,0,0
2,0,0,0,0,0,0,0,0,0,0,0,0,0
2,0,1,0,0,0,0,0,0,0,1,0,0,0
2,0,0,0,0,0,0,0,0,0,0,0,0,0
2,0,0,0,0,0,0,0,0,1,1,0,0,0
2,0,0,0,0,0,0,0,0,1,0,0,0,0
2,0,0,0,0,0,0,0,0,0,0,0,0,0
2,0,1,0,0,0,0,0,0,0,0,0,1,0
2,0,1,0,0,0,0,0,0,0,0,0,0,0
2,0,0,0,0,0,0,0,0,0,0,0,0,0
2,0,0,0,0,0,0,0,0,0,0,0,0,0
2,1,1,1,0,0,0,0,0,1,1,0,0,0
2,1,0,0,0,0,0,0,0,1,0,0,0,0
2,0,0,0,0,0,0,0,0,0,0,0,1,0
2,0,1,0,0,0,0,0,0,0,0,0,0,0
2,0,0,0,0,0,0,0,0,0,0,0,0,0
2,0,0,0,0,0,0,1,0,0,0,0,0,1
2,0,0,1,0,0,0,0,0,0,0,0,0,0
2,0,0,0,0,0,0,0,0,0,0,0,0,0
2,0,0,0,0,0,0,0,0,0,0,0,0,0
2,0,0,0,0,0,0,0,0,0,0,0,0,0
2,0,0,0,0,0,0,0,0,0,0,0,0,0
2,0,0,0,0,0,0,0,0,0,0,0,0,0
2,0,0,0,0,0,0,0,0,0,0,0,1,0
2,0,0,0,0,0,0,0,0,1,0,0,0,0
2,0,0,0,0,0,1,1,0,0,0,0,0,0
2,0,0,0,0,0,0,0,0,1,0,0,0,0
2,0,0,0,0,0,0,0,0,0,0,0,0,0
2,0,0,0,0,0,0,0,0,1,0,0,0,0
2,0,0,0,0,0,0,0,0,0,0,0,0,0
2,0,0,0,0,0,0,1,0,0,0,0,0,0
2,0,0,0,0,0,0,0,0,0,0,0,0,0
2,0,1,0,0,0,0,0,0,0,0,0,1,0
2,0,1,0,0,0,0,0,0,1,0,0,1,0
2,0,1,0,0,0,0,0,0,1,0,0,0,0
2,0,0,0,0,0,0,0,0,0,0,0,0,0
2,0,0,0,0,0,0,0,0,0,0,0,0,0
2,0,0,0,0,0,0,0,0,1,0,0,0,1
2,0,0,0,0,0,0,0,0,0,0,0,0,0
2,0,0,0,0,0,0,0,0,0,0,0,0,0
2,0,0,0,0,0,0,0,0,0,0,0,0,0
2,0,0,0,0,0,0,0,0,0,0,0,0,0
2,0,0,0,0,0,0,0,0,0,0,0,0,0
2,0,0,0,0,0,0,0,0,0,0,0,0,0
2,0,0,0,0,0,0,0,0,0,0,0,0,0
2,0,0,0,0,0,0,0,0,0,0,0,0,0
2,0,0,0,0,0,0,0,0,0,0,0,0,0
2,0,0,0,0,0,0,0,0,1,0,0,0,0
2,0,0,0,0,0,0,0,0,0,0,0,0,0
2,0,0,0,0,0,0,0,0,0,0,0,0,0
2,0,0,0,0,0,0,0,0,0,0,0,0,0
2,0,0,0,0,0,0,0,0,0,0,0,0,0
2,0,0,0,0,0,0,0,0,0,0,0,0,0
2,0,0,0,0,0,0,1,0,0,0,0,0,0
2,0,0,0,0,0,0,0,0,0,0,0,0,0
2,0,0,0,0,0,0,0,0,0,0,0,1,0
2,0,1,0,0,0,0,0,0,0,0,0,0,0
2,0,0,1,0,0,0,0,0,0,0,0,0,0
2,0,0,0,0,0,0,0,0,0,0,0,0,0
2,0,0,0,0,0,0,0,0,0,0,0,0,0
2,0,1,0,0,0,0,0,0,1,0,0,1,0
2,0,1,0,0,1,0,0,0,0,0,0,0,0
2,0,0,0,0,0,1,0,0,0,0,0,0,0
2,0,0,0,0,0,0,0,0,0,1,0,0,0
2,0,0,1,0,0,0,0,0,0,1,0,0,0
2,0,0,0,0,0,0,0,0,0,0,0,0,0
2,0,0,0,0,0,0,0,0,1,1,0,0,1
2,0,0,0,0,0,0,0,0,0,1,0,0,0
2,0,0,1,1,0,0,0,0,0,0,0,0,0
2,0,0,0,0,0,0,0,0,0,1,0,0,0
2,0,1,1,0,1,0,0,0,0,0,0,0,0
2,0,0,0,0,0,0,0,0,0,0,0,0,0
2,0,0,0,0,0,0,0,0,0,0,0,0,0
2,0,0,0,0,0,0,0,0,0,0,0,0,0
2,0,0,1,0,0,0,0,0,0,1,0,0,0
2,0,0,0,0,0,0,0,0,0,0,0,0,0
2,0,0,0,0,0,0,0,0,1,0,0,0,0
2,0,0,0,0,0,0,0,0,0,0,0,0,1
2,0,0,0,0,0,0,0,0,0,0,0,0,0
2,0,0,0,0,1,0,0,0,0,0,0,0,0
2,0,0,0,0,0,0,0,0,0,0,0,0,0
2,1,0,1,0,0,0,0,0,0,0,0,0,0
2,0,0,0,0,0,0,0,0,0,1,0,0,0
2,0,1,0,0,0,0,0,0,0,1,0,0,0
2,0,0,0,0,0,0,0,0,0,0,0,0,0
2,0,0,0,0,0,0,0,0,0,0,0,0,0
2,0,0,0,0,0,0,0,0,0,0,0,0,0
2,0,0,0,0,0,0,0,0,0,0,0,0,0
2,0,0,0,0,0,0,0,0,0,0,0,0,0
2,0,1,0,0,0,0,0,0,1,0,0,1,0
2,0,0,1,0,0,0,0,0,0,0,0,0,0
2,0,0,0,0,0,0,0,0,0,0,0,0,0
2,0,0,0,0,0,0,0,0,1,0,0,0,0
2,0,0,1,0,0,0,0,0,0,0,0,0,0
2,0,0,0,0,0,0,0,0,0,0,0,0,0
2,0,0,0,0,0,0,0,0,0,1,0,0,0
2,0,0,0,0,0,0,0,0,1,0,0,0,0
2,0,1,0,0,0,0,0,0,0,0,0,0,0
2,0,0,1,1,0,1,0,0,0,0,0,0,0
2,0,0,0,0,0,0,0,0,0,0,0,0,0
2,0,0,0,0,0,0,0,0,0,0,0,0,0
2,0,0,0,0,0,0,0,0,1,0,0,0,0
2,0,0,0,0,0,0,0,0,1,0,0,0,0
2,0,0,1,1,0,0,0,0,0,1,0,0,0
2,0,0,0,0,0,0,0,0,0,0,0,0,1
2,0,0,0,0,0,0,0,0,0,0,0,0,1
2,0,0,0,0,0,0,0,0,1,0,0,0,0
2,0,0,0,0,0,0,0,0,0,0,0,1,0
2,0,0,0,0,0,0,1,0,0,0,0,0,0
2,0,0,0,0,0,1,0,0,1,0,0,0,0
2,0,0,0,0,0,0,0,0,0,0,0,0,0
2,1,0,1,0,0,0,0,0,0,1,0,0,0
2,0,0,0,0,0,0,0,0,0,0,0,0,0
2,0,0,0,0,0,0,0,0,0,0,0,1,0
2,0,0,1,0,0,0,0,0,0,0,0,0,0
2,0,0,0,0,0,0,0,0,0,0,0,0,0
2,0,0,0,0,0,1,0,0,0,0,0,0,0
2,0,0,0,0,0,0,0,0,0,0,0,0,0
2,0,0,0,0,0,0,0,0,0,0,0,0,0
2,0,0,0,0,0,0,0,0,0,0,0,0,0
2,0,0,0,0,0,0,0,0,0,0,0,1,0
2,0,0,0,1,0,0,0,0,1,0,0,0,0
2,0,0,0,0,0,0,1,0,0,0,0,1,0
2,0,0,0,0,0,0,0,0,0,0,0,0,0
2,0,0,0,0,0,0,0,0,0,0,0,0,0
2,0,0,0,0,0,0,0,0,0,0,0,0,0
2,0,0,0,0,0,0,0,0,0,0,0,0,0
2,0,0,0,0,0,1,0,0,0,1,0,0,0
2,0,0,0,0,0,0,0,0,0,0,0,0,0
2,0,0,0,1,0,0,1,0,0,1,0,0,0
2,0,0,0,0,0,0,0,0,1,0,0,0,0
2,0,0,0,0,0,0,0,0,0,1,0,0,1
2,0,0,0,1,1,0,0,0,0,1,0,0,0
2,0,0,0,0,0,0,0,0,1,0,0,0,0
2,0,0,0,0,0,0,0,0,1,0,0,0,1
2,1,0,1,0,0,0,0,0,0,0,0,0,1
2,0,0,0,1,0,0,0,0,0,1,0,0,0
2,0,0,0,0,0,0,0,0,0,0,0,0,0
2,0,0,1,0,0,0,0,0,0,0,0,0,0
2,0,0,0,0,0,0,0,0,0,0,0,0,0
2,0,0,0,0,1,0,0,0,1,0,0,0,0
2,0,0,0,0,0,0,0,0,0,0,0,0,0
2,0,0,0,0,0,1,0,0,0,0,0,0,0
2,0,0,0,0,0,0,0,0,0,0,0,0,0
2,0,0,0,0,0,0,0,0,1,0,0,0,0
2,0,0,0,0,0,0,0,0,0,0,0,0,0
2,0,0,0,0,0,0,0,0,0,0,0,0,0
2,0,0,0,0,0,0,0,0,1,0,0,0,1
2,0,1,0,0,0,0,0,0,0,0,0,0,0
2,0,0,0,0,0,0,0,0,0,0,0,0,0
2,0,0,0,0,0,0,0,0,1,0,0,0,1
2,0,0,0,0,0,0,0,0,0,0,0,0,0
2,0,0,0,0,0,1,0,0,1,0,0,0,0
2,0,0,0,1,0,0,0,0,0,1,0,0,0
2,0,0,0,0,0,0,0,0,1,0,0,0,0
2,0,0,0,0,0,0,0,0,0,0,0,0,0
2,0,0,0,0,0,0,0,0,0,0,0,0,0
2,0,0,0,0,0,0,0,0,1,0,0,0,0
2,0,0,0,0,0,0,0,0,0,0,0,1,0
2,0,1,0,0,0,0,0,0,1,0,0,1,1
2,0,0,0,0,0,0,0,0,1,1,0,0,0
2,0,0,0,0,0,0,0,0,0,0,0,0,0
2,0,0,0,0,0,1,1,0,0,0,0,0,1
2,0,0,0,0,0,1,0,0,1,0,0,0,0
2,0,0,0,0,0,0,1,0,0,0,0,0,0
2,0,0,0,0,0,0,0,0,0,0,0,0,0
2,0,0,0,0,0,0,1,0,1,1,0,0,0
2,0,1,0,0,0,0,0,0,0,0,0,0,0
2,0,0,0,0,0,0,0,0,0,0,0,0,0
2,0,0,0,0,0,1,0,0,0,1,0,0,0
2,0,0,0,0,0,0,0,0,0,0,0,0,0
2,0,0,0,0,0,0,0,0,0,0,0,0,0
2,0,0,0,0,0,0,1,0,0,0,0,0,0
2,0,1,0,0,0,0,1,0,1,0,0,0,0
2,0,0,0,0,0,1,0,0,0,0,0,0,1
2,0,0,1,0,0,0,0,0,0,0,0,0,0
2,0,0,0,0,0,0,0,0,1,1,0,0,0
2,0,0,0,0,0,0,0,0,0,0,0,0,0
2,1,0,0,0,0,0,0,0,0,0,0,0,0
2,0,0,0,0,0,0,0,0,0,0,0,0,0
2,0,0,0,0,1,0,0,0,0,0,0,0,0
2,0,0,0,0,0,0,0,0,0,0,0,0,0
2,0,1,0,0,0,0,0,0,0,1,0,0,0
2,0,0,0,0,0,0,0,0,1,0,0,0,1
2,0,0,0,0,0,0,0,0,0,0,0,0,0
2,0,0,0,0,0,0,0,0,0,0,0,0,0
2,0,0,0,0,0,0,0,0,1,0,0,0,0
2,0,0,0,0,1,0,0,0,0,1,0,0,0
2,0,1,0,0,0,0,1,0,1,0,0,0,0
2,0,0,0,0,0,0,0,0,1,0,0,0,0
2,0,0,0,0,0,0,0,0,0,1,0,0,0
2,0,0,0,0,0,0,0,0,0,0,0,0,0
2,0,1,0,0,0,0,0,0,0,1,0,1,0
2,0,0,0,0,0,0,0,0,0,0,0,0,0
2,0,0,0,0,0,0,0,0,1,0,0,0,0
2,0,0,0,1,0,1,0,0,0,0,0,1,1
2,0,0,0,1,0,0,0,0,0,1,0,0,0
2,0,0,0,0,0,0,0,0,1,1,0,0,1
2,0,0,0,0,0,0,0,0,0,0,0,0,0
2,0,0,0,0,0,0,0,0,1,0,0,0,0
2,0,0,1,0,0,0,0,0,0,0,0,0,0
2,0,0,1,0,0,0,0,0,0,0,0,0,0
2,0,0,1,0,0,0,0,0,0,1,0,0,0
2,0,0,0,0,0,0,0,0,0,0,0,0,1
2,0,0,0,0,0,0,0,0,0,0,0,0,1
2,0,0,0,0,0,0,0,0,0,0,0,0,0
2,0,0,0,1,0,0,0,0,1,1,0,0,0
2,0,0,0,0,0,0,1,0,0,0,0,0,1
2,0,0,0,0,0,0,1,0,0,0,0,0,0
2,0,0,0,0,0,0,0,0,1,0,0,0,0
2,0,0,1,0,0,0,0,0,0,0,0,0,0
2,1,0,1,0,0,0,0,0,0,1,0,0,0
2,0,1,0,0,0,0,0,0,1,0,0,0,0
2,0,0,0,0,0,0,0,0,0,0,0,0,0
2,0,0,0,0,1,0,0,0,1,0,0,0,0
2,0,0,1,0,0,0,0,0,0,0,0,0,0
2,0,0,0,0,0,0,0,0,1,0,0,0,0
2,0,0,0,0,0,0,0,0,0,0,0,0,0
2,0,1,0,0,0,0,0,0,0,0,0,0,0
2,0,0,0,0,0,0,0,0,0,0,0,0,0
2,0,0,0,0,0,0,1,0,0,0,0,0,0
2,0,0,0,0,0,1,0,0,0,0,0,0,0
2,0,0,0,0,0,0,0,0,0,1,0,0,0
2,0,1,0,0,0,0,0,0,1,0,0,1,0
2,0,0,0,0,0,0,0,0,0,0,0,0,0
2,0,0,0,0,0,0,0,0,0,0,0,0,0
2,0,0,0,0,0,0,0,0,0,0,0,0,0
2,0,0,0,0,1,0,0,0,0,0,0,0,0
2,0,0,0,0,0,0,0,0,1,0,0,0,0
2,0,0,0,0,0,0,0,0,0,0,0,0,0
2,0,0,0,0,0,0,0,0,0,0,0,0,0
2,0,0,0,0,0,0,0,0,0,1,0,0,0
2,0,1,0,1,0,0,1,0,0,0,0,0,0
2,0,0,0,0,0,0,0,0,0,0,0,0,0
2,0,0,0,0,0,0,0,0,0,0,0,0,0
2,0,0,0,0,0,0,0,0,0,0,0,0,0
2,0,0,0,0,0,0,0,0,1,0,0,0,0
2,0,1,0,0,0,0,0,0,0,0,0,1,0
2,0,0,0,0,0,0,0,0,1,0,0,0,0
2,0,0,0,0,0,0,0,0,1,0,0,0,1
2,0,0,0,0,0,0,0,0,0,0,0,0,0
2,0,0,0,0,0,0,0,0,1,0,0,0,0
2,0,0,0,0,0,0,0,0,0,0,0,0,0
2,0,0,1,0,0,0,0,0,0,0,0,0,0
2,0,0,0,0,0,0,0,0,0,0,0,0,0
2,0,0,0,0,0,0,0,0,0,0,0,0,0
2,0,0,0,0,0,0,0,0,0,0,0,0,0
2,0,0,0,0,0,0,0,0,0,0,0,0,0
2,0,0,0,0,0,0,0,0,1,0,0,0,1
2,0,0,0,0,0,0,0,0,0,0,0,0,0
2,0,1,0,0,0,0,0,0,0,0,0,1,0
2,0,0,0,0,0,0,0,0,0,0,0,0,0
2,1,0,0,0,0,0,0,0,1,0,0,0,0
2,0,0,0,0,0,0,0,0,1,0,0,0,0
2,0,0,0,0,0,0,0,0,0,0,0,0,0
2,0,0,0,0,0,0,1,0,0,0,0,0,0
2,0,0,0,0,0,0,0,0,0,0,0,0,0
2,0,0,0,0,0,0,0,0,1,0,0,0,0
2,0,0,0,0,0,0,1,0,0,0,0,0,0
2,0,0,0,0,0,0,0,0,0,0,0,0,0
2,0,1,0,0,0,0,0,0,0,0,0,1,0
2,0,0,0,0,0,0,0,0,0,0,0,0,0
2,0,1,0,0,0,0,0,0,0,0,0,1,0
2,0,0,0,0,0,0,0,0,0,0,0,1,0
2,0,0,0,0,0,0,0,0,1,0,0,0,0
2,0,0,0,0,0,0,0,0,1,0,0,0,0
2,0,0,0,0,0,0,0,0,0,0,0,0,0
2,0,0,0,0,0,0,0,0,0,0,0,0,0
2,0,0,0,0,0,0,0,0,0,0,0,0,0
2,0,0,1,0,0,0,0,0,0,0,0,0,0
2,0,0,0,0,0,0,0,0,0,0,0,0,0
2,0,0,0,0,0,0,0,0,0,0,0,0,0
2,0,0,0,0,1,0,0,0,1,0,0,0,0
2,0,0,1,0,0,0,0,0,0,0,0,0,0
2,0,1,1,0,0,0,0,0,1,0,0,1,0
2,0,0,0,0,0,0,0,0,0,0,0,0,0
2,0,0,0,0,0,0,0,0,0,0,0,0,0
2,0,0,0,0,0,0,0,0,0,0,0,0,0
2,0,1,0,0,0,0,0,0,1,0,0,1,0
2,0,0,0,0,0,0,0,0,1,0,0,0,0
2,0,0,0,0,0,0,0,0,1,0,0,0,0
2,0,0,0,0,0,0,0,0,0,0,0,0,0
2,0,0,0,0,0,0,0,0,0,0,0,0,0
2,0,0,1,0,0,0,0,0,0,0,0,0,0
2,0,0,0,0,0,0,0,0,0,0,0,0,0
2,0,1,0,0,0,0,0,0,0,0,0,0,0
2,0,0,1,0,0,0,0,0,0,0,0,0,0
2,0,0,0,0,0,0,0,0,0,0,0,0,1
2,0,0,0,1,0,0,0,0,0,0,0,0,0
2,0,1,0,0,0,0,0,0,1,0,0,1,0
2,0,0,0,0,0,0,0,0,0,0,0,0,1
2,0,1,0,0,0,0,0,0,0,0,0,1,0
2,0,0,1,1,0,0,0,0,0,1,0,0,0
2,0,0,0,0,0,0,0,0,1,0,0,0,0
2,0,0,0,0,0,1,0,0,1,0,0,0,0
2,0,0,0,0,0,0,0,0,0,0,0,0,0
2,0,0,0,0,0,0,0,0,1,0,0,1,0
2,0,0,0,0,0,0,0,0,0,0,0,0,0
2,0,0,0,0,0,0,0,0,1,0,0,0,0
2,0,0,1,0,0,0,0,0,0,0,0,0,0
2,0,0,0,0,0,0,0,0,0,0,0,0,0
2,0,0,0,0,0,0,0,0,0,0,0,0,0
2,0,0,0,1,0,0,0,0,0,1,0,0,0
2,0,0,0,0,0,0,0,0,0,0,0,0,0
2,1,0,0,0,0,0,0,0,0,0,0,0,0
2,0,1,0,0,0,0,0,0,0,0,0,0,0
2,0,0,0,1,0,0,0,0,0,0,0,0,0
2,0,0,0,0,0,0,1,0,1,0,0,0,1
2,0,0,0,0,0,0,0,0,0,0,0,0,0
2,0,0,0,0,0,0,0,0,0,0,0,0,0
2,0,0,0,0,0,0,0,0,0,0,0,0,0
2,0,0,0,0,0,0,0,0,0,0,0,0,0
2,0,0,1,0,1,0,0,0,0,0,0,0,0
2,0,1,0,0,0,0,0,0,0,0,0,1,0
2,0,0,0,0,0,0,0,0,1,0,0,0,0
2,0,0,0,0,0,0,0,0,0,0,0,0,0
2,0,0,1,0,0,0,0,0,0,0,0,0,0
2,0,0,0,0,0,1,0,0,0,0,0,0,1
2,0,0,0,0,0,0,0,0,0,0,0,0,0
2,0,0,0,0,0,0,0,0,1,0,0,0,1
2,0,0,0,0,0,0,0,0,0,0,0,0,1
2,0,0,0,0,0,0,1,0,1,0,0,0,0
2,0,1,0,0,0,0,0,0,1,0,0,0,0
2,0,0,0,0,0,0,0,0,0,1,0,0,0
2,0,0,0,0,0,0,0,0,0,0,0,0,0
2,0,0,0,0,0,0,0,0,1,0,0,0,0
2,0,0,0,0,0,0,0,0,0,0,0,0,0
2,0,0,0,0,0,0,0,0,1,0,0,0,1
2,0,1,0,0,0,0,0,0,1,0,0,0,0
2,0,0,1,0,0,0,0,0,0,0,0,0,0
2,0,0,0,0,0,0,0,0,1,0,0,0,0
2,0,0,0,0,0,0,0,0,0,0,0,0,0
2,0,0,0,0,0,0,0,0,0,0,0,0,0
2,0,0,0,0,0,0,0,0,0,0,0,0,0
2,0,0,0,0,0,0,0,0,0,1,0,0,0
2,0,0,0,0,0,0,0,0,0,0,0,0,0
2,0,0,1,1,0,0,0,0,0,0,0,0,0
2,1,0,1,0,0,0,1,0,0,0,0,0,0
2,0,0,0,0,0,0,0,0,0,0,0,0,0
2,0,0,1,0,0,0,0,0,1,0,0,0,0
2,0,0,0,0,0,0,0,0,0,0,0,0,0
2,0,1,0,0,0,0,0,0,0,0,0,0,0
2,0,0,0,0,0,0,0,0,1,0,0,0,0
2,0,0,0,0,0,0,0,0,1,0,0,0,0
2,0,0,1,0,0,0,0,0,1,1,0,0,0
2,0,0,0,0,0,1,0,0,0,0,0,0,0
2,0,0,0,0,0,0,0,0,0,0,0,0,0
2,0,0,0,0,0,0,0,0,1,0,0,0,1
2,0,0,0,0,0,0,0,0,0,0,0,0,0
2,0,0,0,0,0,0,0,0,0,0,0,0,0
2,0,0,0,0,0,0,0,0,0,0,0,0,0
2,0,0,0,0,0,0,0,0,1,0,0,0,1
2,0,1,0,0,0,0,1,0,0,0,0,0,0
2,0,0,0,0,0,0,0,0,0,0,0,0,0
2,0,0,0,0,0,0,0,0,0,0,0,0,0
2,0,0,0,0,0,0,0,0,0,0,0,0,0
2,0,0,1,0,0,0,0,0,0,0,0,0,0
2,0,0,0,0,0,0,0,0,0,0,0,0,0
2,0,0,0,0,0,0,0,0,0,0,0,0,1
2,0,0,0,0,0,0,0,0,0,0,0,0,0
2,0,0,0,0,0,1,0,0,1,0,0,0,0
2,0,0,0,0,0,0,0,0,0,0,0,0,0
2,0,0,0,0,0,0,1,0,0,0,0,0,0
2,1,0,0,0,0,0,0,0,0,1,0,0,0
2,0,0,0,0,0,0,0,0,1,1,0,0,0
2,0,0,0,0,0,0,0,0,1,0,0,0,0
2,1,0,0,0,0,0,0,0,1,0,0,0,0
2,0,0,0,0,0,0,0,0,1,0,0,0,1
2,0,0,0,0,0,0,0,0,0,0,0,0,0
2,0,0,0,0,0,0,0,0,0,0,0,0,0
2,0,0,0,0,0,0,0,0,0,0,0,0,0
2,0,0,1,0,0,0,0,0,1,0,0,0,0
2,0,0,0,0,0,0,0,0,0,0,0,0,0
2,0,0,0,0,0,0,0,0,0,0,0,0,0
2,0,0,0,0,0,0,0,0,1,0,0,0,0
2,0,0,0,0,0,0,0,0,0,1,0,0,0
2,0,1,0,0,0,0,0,0,0,0,0,1,0
2,0,0,0,0,0,0,0,0,0,0,0,0,0
2,0,0,0,0,0,0,0,0,0,0,0,1,0
2,0,0,0,0,0,0,0,0,1,0,0,0,0
2,0,0,0,0,0,0,0,0,0,0,0,0,1
2,0,1,0,0,0,0,0,0,0,0,0,0,0
2,0,0,0,0,0,0,0,0,0,0,0,0,0
2,0,0,0,0,0,0,0,0,0,0,0,0,1
2,0,0,0,1,0,1,0,0,0,0,0,0,1
2,0,0,1,0,0,0,0,0,0,0,0,0,0
2,0,0,0,0,0,0,0,0,0,0,0,0,0
2,0,0,0,0,0,0,0,0,0,1,0,0,0
2,0,0,0,0,0,0,0,0,0,0,0,0,0
2,0,0,0,0,0,0,0,0,0,0,0,0,0
2,0,0,0,0,1,0,0,0,0,0,0,0,0
2,0,0,0,0,0,1,0,0,1,0,0,0,0
2,0,0,0,0,0,0,0,0,0,0,0,0,0
2,0,0,0,0,0,0,0,0,0,0,0,0,0
2,0,1,0,0,0,0,0,0,1,0,0,1,0
2,0,0,0,0,0,0,0,0,0,0,0,0,0
2,0,0,0,0,0,0,0,0,0,0,0,0,0
2,0,1,0,1,0,0,0,0,1,0,0,1,0
2,0,0,0,0,0,0,0,0,0,0,0,0,0
2,0,1,0,0,0,1,0,0,0,0,0,0,0
2,0,1,0,0,0,0,0,0,0,0,0,1,0
2,1,0,1,1,0,0,1,0,0,1,0,0,0
2,0,0,0,0,0,0,0,0,1,0,0,0,0
2,0,1,0,0,0,0,0,0,0,0,0,0,0
2,0,0,1,0,0,0,0,0,1,1,0,0,0
2,0,0,0,0,0,0,0,0,0,0,0,0,0
2,0,0,1,0,0,0,0,0,0,0,0,0,0
2,0,0,0,0,0,0,0,0,0,0,0,0,0
2,0,0,1,0,0,0,1,0,0,0,0,0,0
2,0,0,1,1,0,0,1,0,0,0,0,0,0
2,0,0,0,0,0,1,0,0,1,0,0,0,1
2,0,1,0,0,0,0,0,0,0,0,0,0,0
2,0,0,0,0,0,0,0,0,1,0,0,0,0
2,0,0,0,0,0,0,0,0,0,0,0,0,0
2,0,0,0,0,0,0,0,0,0,0,0,0,0
2,0,0,0,0,0,0,1,0,0,0,0,0,0
2,0,0,0,0,0,0,0,0,0,0,0,0,0
2,0,0,0,0,0,0,0,0,1,0,0,0,0
2,0,0,0,0,0,0,0,0,1,0,0,0,1
2,0,0,0,0,1,0,0,0,0,0,0,0,0
2,0,0,0,0,0,0,0,0,0,0,0,0,0
2,0,1,0,0,0,0,0,0,1,0,0,1,0
2,0,0,0,0,0,0,0,0,0,0,0,0,0
2,0,0,0,0,0,0,0,0,0,0,0,0,0
2,0,0,0,0,0,0,1,0,0,0,0,0,0
2,0,0,0,0,0,0,0,0,0,0,0,0,1
2,0,0,0,0,0,0,0,0,0,0,0,0,0
2,0,0,0,0,0,0,1,0,0,0,0,0,1
2,0,0,0,0,0,0,0,0,0,0,0,0,0
2,0,0,0,0,0,0,0,0,0,0,0,0,0
2,0,0,0,0,0,0,0,0,0,0,0,0,0
2,0,0,1,0,0,0,0,0,0,0,0,0,0
2,0,1,0,0,0,0,1,0,0,0,0,0,0
2,0,0,0,0,0,0,1,0,0,0,0,0,0
2,0,0,0,0,0,0,0,0,0,0,0,0,0
2,0,0,0,0,0,0,0,0,0,0,0,0,0
2,0,0,0,0,0,0,0,0,0,0,0,0,1
2,0,0,0,0,0,0,0,0,0,0,0,0,0
2,0,0,0,0,0,0,0,0,0,0,0,0,0
2,0,0,0,0,0,0,0,0,0,0,0,0,0
2,0,0,0,0,0,0,0,0,0,0,0,0,0
2,0,0,0,0,0,0,0,0,0,1,0,0,0
2,0,0,0,0,0,0,0,0,0,0,0,0,0
2,0,0,1,0,0,0,1,0,0,0,0,0,0
2,0,0,0,0,0,0,0,0,1,0,0,0,0
2,0,0,0,1,0,0,0,0,0,0,0,0,0
2,0,0,0,0,0,0,0,0,0,1,0,0,0
2,0,0,0,0,0,0,0,0,0,0,0,0,1
2,0,1,0,0,0,0,0,0,0,0,0,1,0
2,0,1,0,0,0,0,0,0,0,0,0,0,0
2,0,0,0,0,0,0,0,0,0,0,0,1,0
2,0,1,0,0,0,0,0,0,1,0,0,1,0
2,0,1,0,0,0,0,0,0,0,0,0,0,0
2,0,0,0,0,1,0,0,0,1,0,0,0,0
2,0,0,0,0,0,0,0,0,0,0,0,0,0
2,0,1,0,0,0,0,1,0,1,0,0,1,0
2,0,0,1,0,0,0,0,0,0,0,0,0,0
2,0,0,0,0,0,0,0,0,0,0,0,0,0
2,0,0,0,0,0,0,0,0,0,0,0,0,0
2,0,0,0,0,0,0,1,0,0,0,0,0,0
2,0,0,0,0,0,0,0,0,0,0,0,0,0
1,0,1,1,0,0,0,0,0,1,0,0,1,0
1,0,0,1,0,1,0,0,0,0,0,0,0,0
1,0,0,0,0,1,0,0,0,0,1,0,0,0
1,0,0,1,0,0,1,0,0,1,1,0,1,0
1,0,1,1,1,1,0,0,0,1,1,0,0,1
1,0,0,1,1,1,0,0,0,0,0,0,0,0
1,0,1,1,0,0,0,0,0,1,1,0,0,0
1,0,0,0,0,0,0,1,0,0,1,0,0,0
1,0,0,0,1,0,0,0,0,0,1,0,0,0
1,0,0,1,0,0,0,0,0,0,0,0,0,0
1,0,0,1,0,1,0,0,0,0,0,0,1,0
1,0,0,1,0,1,0,0,0,1,0,0,0,0
1,0,0,0,0,0,0,0,0,0,0,0,0,0
1,0,0,0,0,1,0,0,0,1,0,0,0,1
1,0,0,0,0,1,0,0,0,0,0,0,0,0
1,0,0,0,0,0,0,0,0,0,0,0,0,0
1,0,0,0,0,0,0,0,0,0,0,0,0,0
1,0,0,0,0,0,0,0,0,0,0,0,0,0
1,0,0,1,1,1,0,0,0,0,0,0,0,0
1,0,0,0,0,1,0,0,0,0,0,0,0,0
1,1,0,1,0,0,0,0,0,0,0,0,0,0
1,0,1,0,0,0,1,0,0,0,1,0,0,0
1,0,0,1,1,1,0,0,0,0,0,0,0,0
1,0,0,0,0,0,0,0,0,0,0,0,0,0
1,0,0,0,0,0,0,1,0,0,0,0,0,0
1,1,0,1,0,1,0,0,0,0,0,0,0,0
1,0,0,1,0,1,0,0,0,0,0,0,0,0
1,0,1,0,1,0,0,0,0,0,0,0,1,0
1,0,0,1,0,0,0,0,0,0,0,0,0,0
1,0,0,1,0,1,1,0,0,1,0,0,0,0
1,0,1,0,0,1,0,0,0,0,0,0,0,0
1,0,1,0,0,0,0,1,1,1,1,0,0,0
1,0,1,0,0,1,0,0,0,1,1,0,0,0
1,0,0,1,1,1,0,1,0,0,0,0,0,0
1,0,0,0,0,0,0,0,0,0,0,0,0,0
1,0,0,1,0,0,0,0,0,1,1,0,0,0
1,0,0,0,1,0,0,0,0,0,1,0,0,0
1,0,0,0,0,0,0,1,0,0,0,0,0,0
1,0,0,0,0,0,0,1,0,0,1,0,0,0
1,0,0,0,0,0,0,0,0,0,1,0,0,0
1,0,0,0,0,1,0,0,0,0,1,0,0,0
1,0,0,0,0,0,0,1,0,1,1,0,0,0
1,0,1,0,0,1,0,0,0,1,0,0,0,0
1,0,1,0,0,0,0,0,0,1,0,0,0,0
1,0,0,0,0,1,0,0,0,1,0,0,0,0
1,0,0,1,0,0,0,1,0,0,0,0,0,0
1,0,0,0,0,0,0,0,0,0,0,0,0,0
1,0,0,0,0,0,0,0,0,1,0,0,0,0
1,0,0,0,0,1,1,0,0,0,0,0,0,0
1,0,0,0,0,0,0,0,0,0,0,0,0,0
1,0,0,0,0,1,0,0,0,1,0,0,0,0
1,0,1,0,0,1,0,0,0,1,0,0,1,0
1,0,1,0,0,0,0,1,0,0,0,0,0,0
1,0,0,0,0,0,0,1,0,0,0,0,0,0
1,0,1,0,1,0,0,0,0,0,0,0,0,0
1,0,0,1,0,0,0,0,0,1,0,0,0,0
1,0,1,0,0,0,0,0,0,1,0,0,0,0
1,0,0,1,0,0,0,1,0,0,0,0,0,0
1,0,0,0,0,0,0,0,0,0,0,0,0,0
1,0,1,0,0,0,1,0,0,1,0,0,0,1
1,0,0,1,0,1,0,0,0,0,0,0,0,0
1,0,0,0,0,0,0,1,0,0,0,0,0,0
1,0,1,0,1,0,0,0,0,1,0,0,0,0
1,0,0,0,0,0,0,0,0,0,0,0,0,0
1,0,1,0,0,1,0,0,0,1,0,0,1,0
1,0,0,1,1,0,0,0,0,0,1,0,0,0
1,0,0,0,0,1,0,0,0,0,0,0,0,0
1,0,0,0,0,0,0,0,0,0,0,0,0,0
1,0,1,0,0,0,0,0,0,1,0,0,1,0
1,0,0,0,0,1,0,0,0,0,1,0,0,0
1,0,0,0,0,1,0,0,0,1,1,0,0,1
1,0,0,1,0,0,0,0,0,0,1,0,0,0
1,0,0,0,0,0,0,0,0,0,0,0,0,0
1,0,0,0,0,1,0,1,0,0,0,0,0,0
1,0,0,1,1,0,1,1,0,0,0,0,0,0
1,0,1,1,1,0,0,0,0,0,1,0,0,0
1,0,0,0,0,0,0,0,0,0,0,0,0,0
